[31-Aug-2026 12:30:44 UTC] Mail Error: SMTP Error: Could not connect to SMTP host. Failed to connect to server SMTP server error: Failed to connect to server SMTP code: 10060 Additional SMTP info: A connection attempt failed because the connected party did not properly respond after a period of time, or established connection failed because connected host has failed to respond
[31-Aug-2026 12:30:44 UTC] Failed to send registration email to: abdulrazakabdullaziz9@gmail.com
[31-Aug-2026 12:31:44 UTC] Registration email sent successfully to: abdulrazakabdullaziz9@gmail.com
[31-Aug-2026 12:33:16 UTC] Password reset email sent to abdulrazakabdullaziz9@gmail.com: Success
[31-Aug-2026 13:28:56 UTC] Password reset email sent to abdulrazakabdullaziz9@gmail.com: Success
[31-Aug-2026 14:01:16 UTC] PHP Fatal error:  Uncaught mysqli_sql_exception: Unknown column 'status' in 'where clause' in C:\laragon\www\online-clearance-system\dashboard.php:19
Stack trace:
#0 C:\laragon\www\online-clearance-system\dashboard.php(19): mysqli_query(Object(mysqli), 'SELECT COUNT(*)...')
#1 {main}
  thrown in C:\laragon\www\online-clearance-system\dashboard.php on line 19
[31-Aug-2026 20:07:57 UTC] Password reset email sent to abdulrazakabdullaziz9@gmail.com: Success
[31-Aug-2026 20:28:27 UTC] PHP Fatal error:  Uncaught mysqli_sql_exception: Expression #2 of SELECT list is not in GROUP BY clause and contains nonaggregated column 'clearance_system.cs.status' which is not functionally dependent on columns in GROUP BY clause; this is incompatible with sql_mode=only_full_group_by in C:\laragon\www\online-clearance-system\get-status-updates.php:50
Stack trace:
#0 C:\laragon\www\online-clearance-system\get-status-updates.php(50): mysqli_query(Object(mysqli), '\r\n        SELEC...')
#1 {main}
  thrown in C:\laragon\www\online-clearance-system\get-status-updates.php on line 50
[31-Aug-2026 20:28:37 UTC] PHP Fatal error:  Uncaught mysqli_sql_exception: Expression #2 of SELECT list is not in GROUP BY clause and contains nonaggregated column 'clearance_system.cs.status' which is not functionally dependent on columns in GROUP BY clause; this is incompatible with sql_mode=only_full_group_by in C:\laragon\www\online-clearance-system\get-status-updates.php:50
Stack trace:
#0 C:\laragon\www\online-clearance-system\get-status-updates.php(50): mysqli_query(Object(mysqli), '\r\n        SELEC...')
#1 {main}
  thrown in C:\laragon\www\online-clearance-system\get-status-updates.php on line 50
[31-Aug-2026 20:28:47 UTC] PHP Fatal error:  Uncaught mysqli_sql_exception: Expression #2 of SELECT list is not in GROUP BY clause and contains nonaggregated column 'clearance_system.cs.status' which is not functionally dependent on columns in GROUP BY clause; this is incompatible with sql_mode=only_full_group_by in C:\laragon\www\online-clearance-system\get-status-updates.php:50
Stack trace:
#0 C:\laragon\www\online-clearance-system\get-status-updates.php(50): mysqli_query(Object(mysqli), '\r\n        SELEC...')
#1 {main}
  thrown in C:\laragon\www\online-clearance-system\get-status-updates.php on line 50
[31-Aug-2026 20:28:57 UTC] PHP Fatal error:  Uncaught mysqli_sql_exception: Expression #2 of SELECT list is not in GROUP BY clause and contains nonaggregated column 'clearance_system.cs.status' which is not functionally dependent on columns in GROUP BY clause; this is incompatible with sql_mode=only_full_group_by in C:\laragon\www\online-clearance-system\get-status-updates.php:50
Stack trace:
#0 C:\laragon\www\online-clearance-system\get-status-updates.php(50): mysqli_query(Object(mysqli), '\r\n        SELEC...')
#1 {main}
  thrown in C:\laragon\www\online-clearance-system\get-status-updates.php on line 50
[31-Aug-2026 20:29:07 UTC] PHP Fatal error:  Uncaught mysqli_sql_exception: Expression #2 of SELECT list is not in GROUP BY clause and contains nonaggregated column 'clearance_system.cs.status' which is not functionally dependent on columns in GROUP BY clause; this is incompatible with sql_mode=only_full_group_by in C:\laragon\www\online-clearance-system\get-status-updates.php:50
Stack trace:
#0 C:\laragon\www\online-clearance-system\get-status-updates.php(50): mysqli_query(Object(mysqli), '\r\n        SELEC...')
#1 {main}
  thrown in C:\laragon\www\online-clearance-system\get-status-updates.php on line 50
[31-Aug-2026 20:29:17 UTC] PHP Fatal error:  Uncaught mysqli_sql_exception: Expression #2 of SELECT list is not in GROUP BY clause and contains nonaggregated column 'clearance_system.cs.status' which is not functionally dependent on columns in GROUP BY clause; this is incompatible with sql_mode=only_full_group_by in C:\laragon\www\online-clearance-system\get-status-updates.php:50
Stack trace:
#0 C:\laragon\www\online-clearance-system\get-status-updates.php(50): mysqli_query(Object(mysqli), '\r\n        SELEC...')
#1 {main}
  thrown in C:\laragon\www\online-clearance-system\get-status-updates.php on line 50
[31-Aug-2026 20:29:27 UTC] PHP Fatal error:  Uncaught mysqli_sql_exception: Expression #2 of SELECT list is not in GROUP BY clause and contains nonaggregated column 'clearance_system.cs.status' which is not functionally dependent on columns in GROUP BY clause; this is incompatible with sql_mode=only_full_group_by in C:\laragon\www\online-clearance-system\get-status-updates.php:50
Stack trace:
#0 C:\laragon\www\online-clearance-system\get-status-updates.php(50): mysqli_query(Object(mysqli), '\r\n        SELEC...')
#1 {main}
  thrown in C:\laragon\www\online-clearance-system\get-status-updates.php on line 50
[31-Aug-2026 20:29:37 UTC] PHP Fatal error:  Uncaught mysqli_sql_exception: Expression #2 of SELECT list is not in GROUP BY clause and contains nonaggregated column 'clearance_system.cs.status' which is not functionally dependent on columns in GROUP BY clause; this is incompatible with sql_mode=only_full_group_by in C:\laragon\www\online-clearance-system\get-status-updates.php:50
Stack trace:
#0 C:\laragon\www\online-clearance-system\get-status-updates.php(50): mysqli_query(Object(mysqli), '\r\n        SELEC...')
#1 {main}
  thrown in C:\laragon\www\online-clearance-system\get-status-updates.php on line 50
[31-Aug-2026 20:30:05 UTC] PHP Fatal error:  Uncaught mysqli_sql_exception: Expression #2 of SELECT list is not in GROUP BY clause and contains nonaggregated column 'clearance_system.cs.status' which is not functionally dependent on columns in GROUP BY clause; this is incompatible with sql_mode=only_full_group_by in C:\laragon\www\online-clearance-system\get-status-updates.php:50
Stack trace:
#0 C:\laragon\www\online-clearance-system\get-status-updates.php(50): mysqli_query(Object(mysqli), '\r\n        SELEC...')
#1 {main}
  thrown in C:\laragon\www\online-clearance-system\get-status-updates.php on line 50
[31-Aug-2026 20:30:15 UTC] PHP Fatal error:  Uncaught mysqli_sql_exception: Expression #2 of SELECT list is not in GROUP BY clause and contains nonaggregated column 'clearance_system.cs.status' which is not functionally dependent on columns in GROUP BY clause; this is incompatible with sql_mode=only_full_group_by in C:\laragon\www\online-clearance-system\get-status-updates.php:50
Stack trace:
#0 C:\laragon\www\online-clearance-system\get-status-updates.php(50): mysqli_query(Object(mysqli), '\r\n        SELEC...')
#1 {main}
  thrown in C:\laragon\www\online-clearance-system\get-status-updates.php on line 50
[31-Aug-2026 20:30:48 UTC] PHP Fatal error:  Uncaught mysqli_sql_exception: Expression #2 of SELECT list is not in GROUP BY clause and contains nonaggregated column 'clearance_system.cs.status' which is not functionally dependent on columns in GROUP BY clause; this is incompatible with sql_mode=only_full_group_by in C:\laragon\www\online-clearance-system\get-status-updates.php:50
Stack trace:
#0 C:\laragon\www\online-clearance-system\get-status-updates.php(50): mysqli_query(Object(mysqli), '\r\n        SELEC...')
#1 {main}
  thrown in C:\laragon\www\online-clearance-system\get-status-updates.php on line 50
[31-Aug-2026 20:30:58 UTC] PHP Fatal error:  Uncaught mysqli_sql_exception: Expression #2 of SELECT list is not in GROUP BY clause and contains nonaggregated column 'clearance_system.cs.status' which is not functionally dependent on columns in GROUP BY clause; this is incompatible with sql_mode=only_full_group_by in C:\laragon\www\online-clearance-system\get-status-updates.php:50
Stack trace:
#0 C:\laragon\www\online-clearance-system\get-status-updates.php(50): mysqli_query(Object(mysqli), '\r\n        SELEC...')
#1 {main}
  thrown in C:\laragon\www\online-clearance-system\get-status-updates.php on line 50
[31-Aug-2026 20:31:08 UTC] PHP Fatal error:  Uncaught mysqli_sql_exception: Expression #2 of SELECT list is not in GROUP BY clause and contains nonaggregated column 'clearance_system.cs.status' which is not functionally dependent on columns in GROUP BY clause; this is incompatible with sql_mode=only_full_group_by in C:\laragon\www\online-clearance-system\get-status-updates.php:50
Stack trace:
#0 C:\laragon\www\online-clearance-system\get-status-updates.php(50): mysqli_query(Object(mysqli), '\r\n        SELEC...')
#1 {main}
  thrown in C:\laragon\www\online-clearance-system\get-status-updates.php on line 50
[31-Aug-2026 20:31:18 UTC] PHP Fatal error:  Uncaught mysqli_sql_exception: Expression #2 of SELECT list is not in GROUP BY clause and contains nonaggregated column 'clearance_system.cs.status' which is not functionally dependent on columns in GROUP BY clause; this is incompatible with sql_mode=only_full_group_by in C:\laragon\www\online-clearance-system\get-status-updates.php:50
Stack trace:
#0 C:\laragon\www\online-clearance-system\get-status-updates.php(50): mysqli_query(Object(mysqli), '\r\n        SELEC...')
#1 {main}
  thrown in C:\laragon\www\online-clearance-system\get-status-updates.php on line 50
[31-Aug-2026 20:31:28 UTC] PHP Fatal error:  Uncaught mysqli_sql_exception: Expression #2 of SELECT list is not in GROUP BY clause and contains nonaggregated column 'clearance_system.cs.status' which is not functionally dependent on columns in GROUP BY clause; this is incompatible with sql_mode=only_full_group_by in C:\laragon\www\online-clearance-system\get-status-updates.php:50
Stack trace:
#0 C:\laragon\www\online-clearance-system\get-status-updates.php(50): mysqli_query(Object(mysqli), '\r\n        SELEC...')
#1 {main}
  thrown in C:\laragon\www\online-clearance-system\get-status-updates.php on line 50
[31-Aug-2026 20:31:38 UTC] PHP Fatal error:  Uncaught mysqli_sql_exception: Expression #2 of SELECT list is not in GROUP BY clause and contains nonaggregated column 'clearance_system.cs.status' which is not functionally dependent on columns in GROUP BY clause; this is incompatible with sql_mode=only_full_group_by in C:\laragon\www\online-clearance-system\get-status-updates.php:50
Stack trace:
#0 C:\laragon\www\online-clearance-system\get-status-updates.php(50): mysqli_query(Object(mysqli), '\r\n        SELEC...')
#1 {main}
  thrown in C:\laragon\www\online-clearance-system\get-status-updates.php on line 50
[31-Aug-2026 20:31:48 UTC] PHP Fatal error:  Uncaught mysqli_sql_exception: Expression #2 of SELECT list is not in GROUP BY clause and contains nonaggregated column 'clearance_system.cs.status' which is not functionally dependent on columns in GROUP BY clause; this is incompatible with sql_mode=only_full_group_by in C:\laragon\www\online-clearance-system\get-status-updates.php:50
Stack trace:
#0 C:\laragon\www\online-clearance-system\get-status-updates.php(50): mysqli_query(Object(mysqli), '\r\n        SELEC...')
#1 {main}
  thrown in C:\laragon\www\online-clearance-system\get-status-updates.php on line 50
[31-Aug-2026 20:31:58 UTC] PHP Fatal error:  Uncaught mysqli_sql_exception: Expression #2 of SELECT list is not in GROUP BY clause and contains nonaggregated column 'clearance_system.cs.status' which is not functionally dependent on columns in GROUP BY clause; this is incompatible with sql_mode=only_full_group_by in C:\laragon\www\online-clearance-system\get-status-updates.php:50
Stack trace:
#0 C:\laragon\www\online-clearance-system\get-status-updates.php(50): mysqli_query(Object(mysqli), '\r\n        SELEC...')
#1 {main}
  thrown in C:\laragon\www\online-clearance-system\get-status-updates.php on line 50
[31-Aug-2026 20:32:08 UTC] PHP Fatal error:  Uncaught mysqli_sql_exception: Expression #2 of SELECT list is not in GROUP BY clause and contains nonaggregated column 'clearance_system.cs.status' which is not functionally dependent on columns in GROUP BY clause; this is incompatible with sql_mode=only_full_group_by in C:\laragon\www\online-clearance-system\get-status-updates.php:50
Stack trace:
#0 C:\laragon\www\online-clearance-system\get-status-updates.php(50): mysqli_query(Object(mysqli), '\r\n        SELEC...')
#1 {main}
  thrown in C:\laragon\www\online-clearance-system\get-status-updates.php on line 50
[31-Aug-2026 20:32:19 UTC] PHP Fatal error:  Uncaught mysqli_sql_exception: Expression #2 of SELECT list is not in GROUP BY clause and contains nonaggregated column 'clearance_system.cs.status' which is not functionally dependent on columns in GROUP BY clause; this is incompatible with sql_mode=only_full_group_by in C:\laragon\www\online-clearance-system\get-status-updates.php:50
Stack trace:
#0 C:\laragon\www\online-clearance-system\get-status-updates.php(50): mysqli_query(Object(mysqli), '\r\n        SELEC...')
#1 {main}
  thrown in C:\laragon\www\online-clearance-system\get-status-updates.php on line 50
[31-Aug-2026 20:32:29 UTC] PHP Fatal error:  Uncaught mysqli_sql_exception: Expression #2 of SELECT list is not in GROUP BY clause and contains nonaggregated column 'clearance_system.cs.status' which is not functionally dependent on columns in GROUP BY clause; this is incompatible with sql_mode=only_full_group_by in C:\laragon\www\online-clearance-system\get-status-updates.php:50
Stack trace:
#0 C:\laragon\www\online-clearance-system\get-status-updates.php(50): mysqli_query(Object(mysqli), '\r\n        SELEC...')
#1 {main}
  thrown in C:\laragon\www\online-clearance-system\get-status-updates.php on line 50
[31-Aug-2026 20:32:39 UTC] PHP Fatal error:  Uncaught mysqli_sql_exception: Expression #2 of SELECT list is not in GROUP BY clause and contains nonaggregated column 'clearance_system.cs.status' which is not functionally dependent on columns in GROUP BY clause; this is incompatible with sql_mode=only_full_group_by in C:\laragon\www\online-clearance-system\get-status-updates.php:50
Stack trace:
#0 C:\laragon\www\online-clearance-system\get-status-updates.php(50): mysqli_query(Object(mysqli), '\r\n        SELEC...')
#1 {main}
  thrown in C:\laragon\www\online-clearance-system\get-status-updates.php on line 50
[31-Aug-2026 20:32:49 UTC] PHP Fatal error:  Uncaught mysqli_sql_exception: Expression #2 of SELECT list is not in GROUP BY clause and contains nonaggregated column 'clearance_system.cs.status' which is not functionally dependent on columns in GROUP BY clause; this is incompatible with sql_mode=only_full_group_by in C:\laragon\www\online-clearance-system\get-status-updates.php:50
Stack trace:
#0 C:\laragon\www\online-clearance-system\get-status-updates.php(50): mysqli_query(Object(mysqli), '\r\n        SELEC...')
#1 {main}
  thrown in C:\laragon\www\online-clearance-system\get-status-updates.php on line 50
[31-Aug-2026 20:32:59 UTC] PHP Fatal error:  Uncaught mysqli_sql_exception: Expression #2 of SELECT list is not in GROUP BY clause and contains nonaggregated column 'clearance_system.cs.status' which is not functionally dependent on columns in GROUP BY clause; this is incompatible with sql_mode=only_full_group_by in C:\laragon\www\online-clearance-system\get-status-updates.php:50
Stack trace:
#0 C:\laragon\www\online-clearance-system\get-status-updates.php(50): mysqli_query(Object(mysqli), '\r\n        SELEC...')
#1 {main}
  thrown in C:\laragon\www\online-clearance-system\get-status-updates.php on line 50
[31-Aug-2026 20:33:09 UTC] PHP Fatal error:  Uncaught mysqli_sql_exception: Expression #2 of SELECT list is not in GROUP BY clause and contains nonaggregated column 'clearance_system.cs.status' which is not functionally dependent on columns in GROUP BY clause; this is incompatible with sql_mode=only_full_group_by in C:\laragon\www\online-clearance-system\get-status-updates.php:50
Stack trace:
#0 C:\laragon\www\online-clearance-system\get-status-updates.php(50): mysqli_query(Object(mysqli), '\r\n        SELEC...')
#1 {main}
  thrown in C:\laragon\www\online-clearance-system\get-status-updates.php on line 50
[31-Aug-2026 20:33:51 UTC] PHP Fatal error:  Uncaught mysqli_sql_exception: Expression #2 of SELECT list is not in GROUP BY clause and contains nonaggregated column 'clearance_system.cs.status' which is not functionally dependent on columns in GROUP BY clause; this is incompatible with sql_mode=only_full_group_by in C:\laragon\www\online-clearance-system\get-status-updates.php:50
Stack trace:
#0 C:\laragon\www\online-clearance-system\get-status-updates.php(50): mysqli_query(Object(mysqli), '\r\n        SELEC...')
#1 {main}
  thrown in C:\laragon\www\online-clearance-system\get-status-updates.php on line 50
[31-Aug-2026 20:34:51 UTC] PHP Fatal error:  Uncaught mysqli_sql_exception: Expression #2 of SELECT list is not in GROUP BY clause and contains nonaggregated column 'clearance_system.cs.status' which is not functionally dependent on columns in GROUP BY clause; this is incompatible with sql_mode=only_full_group_by in C:\laragon\www\online-clearance-system\get-status-updates.php:50
Stack trace:
#0 C:\laragon\www\online-clearance-system\get-status-updates.php(50): mysqli_query(Object(mysqli), '\r\n        SELEC...')
#1 {main}
  thrown in C:\laragon\www\online-clearance-system\get-status-updates.php on line 50
[31-Aug-2026 20:35:51 UTC] PHP Fatal error:  Uncaught mysqli_sql_exception: Expression #2 of SELECT list is not in GROUP BY clause and contains nonaggregated column 'clearance_system.cs.status' which is not functionally dependent on columns in GROUP BY clause; this is incompatible with sql_mode=only_full_group_by in C:\laragon\www\online-clearance-system\get-status-updates.php:50
Stack trace:
#0 C:\laragon\www\online-clearance-system\get-status-updates.php(50): mysqli_query(Object(mysqli), '\r\n        SELEC...')
#1 {main}
  thrown in C:\laragon\www\online-clearance-system\get-status-updates.php on line 50
[31-Aug-2026 20:36:51 UTC] PHP Fatal error:  Uncaught mysqli_sql_exception: Expression #2 of SELECT list is not in GROUP BY clause and contains nonaggregated column 'clearance_system.cs.status' which is not functionally dependent on columns in GROUP BY clause; this is incompatible with sql_mode=only_full_group_by in C:\laragon\www\online-clearance-system\get-status-updates.php:50
Stack trace:
#0 C:\laragon\www\online-clearance-system\get-status-updates.php(50): mysqli_query(Object(mysqli), '\r\n        SELEC...')
#1 {main}
  thrown in C:\laragon\www\online-clearance-system\get-status-updates.php on line 50
[31-Aug-2026 20:37:51 UTC] PHP Fatal error:  Uncaught mysqli_sql_exception: Expression #2 of SELECT list is not in GROUP BY clause and contains nonaggregated column 'clearance_system.cs.status' which is not functionally dependent on columns in GROUP BY clause; this is incompatible with sql_mode=only_full_group_by in C:\laragon\www\online-clearance-system\get-status-updates.php:50
Stack trace:
#0 C:\laragon\www\online-clearance-system\get-status-updates.php(50): mysqli_query(Object(mysqli), '\r\n        SELEC...')
#1 {main}
  thrown in C:\laragon\www\online-clearance-system\get-status-updates.php on line 50
[31-Aug-2026 20:38:51 UTC] PHP Fatal error:  Uncaught mysqli_sql_exception: Expression #2 of SELECT list is not in GROUP BY clause and contains nonaggregated column 'clearance_system.cs.status' which is not functionally dependent on columns in GROUP BY clause; this is incompatible with sql_mode=only_full_group_by in C:\laragon\www\online-clearance-system\get-status-updates.php:50
Stack trace:
#0 C:\laragon\www\online-clearance-system\get-status-updates.php(50): mysqli_query(Object(mysqli), '\r\n        SELEC...')
#1 {main}
  thrown in C:\laragon\www\online-clearance-system\get-status-updates.php on line 50
[31-Aug-2026 20:39:51 UTC] PHP Fatal error:  Uncaught mysqli_sql_exception: Expression #2 of SELECT list is not in GROUP BY clause and contains nonaggregated column 'clearance_system.cs.status' which is not functionally dependent on columns in GROUP BY clause; this is incompatible with sql_mode=only_full_group_by in C:\laragon\www\online-clearance-system\get-status-updates.php:50
Stack trace:
#0 C:\laragon\www\online-clearance-system\get-status-updates.php(50): mysqli_query(Object(mysqli), '\r\n        SELEC...')
#1 {main}
  thrown in C:\laragon\www\online-clearance-system\get-status-updates.php on line 50
[31-Aug-2026 20:40:08 UTC] PHP Fatal error:  Uncaught mysqli_sql_exception: Expression #2 of SELECT list is not in GROUP BY clause and contains nonaggregated column 'clearance_system.cs.status' which is not functionally dependent on columns in GROUP BY clause; this is incompatible with sql_mode=only_full_group_by in C:\laragon\www\online-clearance-system\get-status-updates.php:50
Stack trace:
#0 C:\laragon\www\online-clearance-system\get-status-updates.php(50): mysqli_query(Object(mysqli), '\r\n        SELEC...')
#1 {main}
  thrown in C:\laragon\www\online-clearance-system\get-status-updates.php on line 50
[31-Aug-2026 20:40:18 UTC] PHP Fatal error:  Uncaught mysqli_sql_exception: Expression #2 of SELECT list is not in GROUP BY clause and contains nonaggregated column 'clearance_system.cs.status' which is not functionally dependent on columns in GROUP BY clause; this is incompatible with sql_mode=only_full_group_by in C:\laragon\www\online-clearance-system\get-status-updates.php:50
Stack trace:
#0 C:\laragon\www\online-clearance-system\get-status-updates.php(50): mysqli_query(Object(mysqli), '\r\n        SELEC...')
#1 {main}
  thrown in C:\laragon\www\online-clearance-system\get-status-updates.php on line 50
[31-Aug-2026 20:40:36 UTC] PHP Fatal error:  Uncaught mysqli_sql_exception: Expression #2 of SELECT list is not in GROUP BY clause and contains nonaggregated column 'clearance_system.cs.status' which is not functionally dependent on columns in GROUP BY clause; this is incompatible with sql_mode=only_full_group_by in C:\laragon\www\online-clearance-system\get-status-updates.php:50
Stack trace:
#0 C:\laragon\www\online-clearance-system\get-status-updates.php(50): mysqli_query(Object(mysqli), '\r\n        SELEC...')
#1 {main}
  thrown in C:\laragon\www\online-clearance-system\get-status-updates.php on line 50
[31-Aug-2026 20:40:46 UTC] PHP Fatal error:  Uncaught mysqli_sql_exception: Expression #2 of SELECT list is not in GROUP BY clause and contains nonaggregated column 'clearance_system.cs.status' which is not functionally dependent on columns in GROUP BY clause; this is incompatible with sql_mode=only_full_group_by in C:\laragon\www\online-clearance-system\get-status-updates.php:50
Stack trace:
#0 C:\laragon\www\online-clearance-system\get-status-updates.php(50): mysqli_query(Object(mysqli), '\r\n        SELEC...')
#1 {main}
  thrown in C:\laragon\www\online-clearance-system\get-status-updates.php on line 50
[31-Aug-2026 20:41:15 UTC] PHP Fatal error:  Uncaught mysqli_sql_exception: Expression #2 of SELECT list is not in GROUP BY clause and contains nonaggregated column 'clearance_system.cs.status' which is not functionally dependent on columns in GROUP BY clause; this is incompatible with sql_mode=only_full_group_by in C:\laragon\www\online-clearance-system\get-status-updates.php:50
Stack trace:
#0 C:\laragon\www\online-clearance-system\get-status-updates.php(50): mysqli_query(Object(mysqli), '\r\n        SELEC...')
#1 {main}
  thrown in C:\laragon\www\online-clearance-system\get-status-updates.php on line 50
[31-Aug-2026 20:41:25 UTC] PHP Fatal error:  Uncaught mysqli_sql_exception: Expression #2 of SELECT list is not in GROUP BY clause and contains nonaggregated column 'clearance_system.cs.status' which is not functionally dependent on columns in GROUP BY clause; this is incompatible with sql_mode=only_full_group_by in C:\laragon\www\online-clearance-system\get-status-updates.php:50
Stack trace:
#0 C:\laragon\www\online-clearance-system\get-status-updates.php(50): mysqli_query(Object(mysqli), '\r\n        SELEC...')
#1 {main}
  thrown in C:\laragon\www\online-clearance-system\get-status-updates.php on line 50
[31-Aug-2026 20:41:35 UTC] PHP Fatal error:  Uncaught mysqli_sql_exception: Expression #2 of SELECT list is not in GROUP BY clause and contains nonaggregated column 'clearance_system.cs.status' which is not functionally dependent on columns in GROUP BY clause; this is incompatible with sql_mode=only_full_group_by in C:\laragon\www\online-clearance-system\get-status-updates.php:50
Stack trace:
#0 C:\laragon\www\online-clearance-system\get-status-updates.php(50): mysqli_query(Object(mysqli), '\r\n        SELEC...')
#1 {main}
  thrown in C:\laragon\www\online-clearance-system\get-status-updates.php on line 50
[31-Aug-2026 20:41:46 UTC] PHP Fatal error:  Uncaught mysqli_sql_exception: Expression #2 of SELECT list is not in GROUP BY clause and contains nonaggregated column 'clearance_system.cs.status' which is not functionally dependent on columns in GROUP BY clause; this is incompatible with sql_mode=only_full_group_by in C:\laragon\www\online-clearance-system\get-status-updates.php:50
Stack trace:
#0 C:\laragon\www\online-clearance-system\get-status-updates.php(50): mysqli_query(Object(mysqli), '\r\n        SELEC...')
#1 {main}
  thrown in C:\laragon\www\online-clearance-system\get-status-updates.php on line 50
[31-Aug-2026 20:41:56 UTC] PHP Fatal error:  Uncaught mysqli_sql_exception: Expression #2 of SELECT list is not in GROUP BY clause and contains nonaggregated column 'clearance_system.cs.status' which is not functionally dependent on columns in GROUP BY clause; this is incompatible with sql_mode=only_full_group_by in C:\laragon\www\online-clearance-system\get-status-updates.php:50
Stack trace:
#0 C:\laragon\www\online-clearance-system\get-status-updates.php(50): mysqli_query(Object(mysqli), '\r\n        SELEC...')
#1 {main}
  thrown in C:\laragon\www\online-clearance-system\get-status-updates.php on line 50
[31-Aug-2026 20:42:06 UTC] PHP Fatal error:  Uncaught mysqli_sql_exception: Expression #2 of SELECT list is not in GROUP BY clause and contains nonaggregated column 'clearance_system.cs.status' which is not functionally dependent on columns in GROUP BY clause; this is incompatible with sql_mode=only_full_group_by in C:\laragon\www\online-clearance-system\get-status-updates.php:50
Stack trace:
#0 C:\laragon\www\online-clearance-system\get-status-updates.php(50): mysqli_query(Object(mysqli), '\r\n        SELEC...')
#1 {main}
  thrown in C:\laragon\www\online-clearance-system\get-status-updates.php on line 50
[31-Aug-2026 20:42:16 UTC] PHP Fatal error:  Uncaught mysqli_sql_exception: Expression #2 of SELECT list is not in GROUP BY clause and contains nonaggregated column 'clearance_system.cs.status' which is not functionally dependent on columns in GROUP BY clause; this is incompatible with sql_mode=only_full_group_by in C:\laragon\www\online-clearance-system\get-status-updates.php:50
Stack trace:
#0 C:\laragon\www\online-clearance-system\get-status-updates.php(50): mysqli_query(Object(mysqli), '\r\n        SELEC...')
#1 {main}
  thrown in C:\laragon\www\online-clearance-system\get-status-updates.php on line 50
[31-Aug-2026 20:42:26 UTC] PHP Fatal error:  Uncaught mysqli_sql_exception: Expression #2 of SELECT list is not in GROUP BY clause and contains nonaggregated column 'clearance_system.cs.status' which is not functionally dependent on columns in GROUP BY clause; this is incompatible with sql_mode=only_full_group_by in C:\laragon\www\online-clearance-system\get-status-updates.php:50
Stack trace:
#0 C:\laragon\www\online-clearance-system\get-status-updates.php(50): mysqli_query(Object(mysqli), '\r\n        SELEC...')
#1 {main}
  thrown in C:\laragon\www\online-clearance-system\get-status-updates.php on line 50
[31-Aug-2026 20:42:36 UTC] PHP Fatal error:  Uncaught mysqli_sql_exception: Expression #2 of SELECT list is not in GROUP BY clause and contains nonaggregated column 'clearance_system.cs.status' which is not functionally dependent on columns in GROUP BY clause; this is incompatible with sql_mode=only_full_group_by in C:\laragon\www\online-clearance-system\get-status-updates.php:50
Stack trace:
#0 C:\laragon\www\online-clearance-system\get-status-updates.php(50): mysqli_query(Object(mysqli), '\r\n        SELEC...')
#1 {main}
  thrown in C:\laragon\www\online-clearance-system\get-status-updates.php on line 50
[31-Aug-2026 20:42:46 UTC] PHP Fatal error:  Uncaught mysqli_sql_exception: Expression #2 of SELECT list is not in GROUP BY clause and contains nonaggregated column 'clearance_system.cs.status' which is not functionally dependent on columns in GROUP BY clause; this is incompatible with sql_mode=only_full_group_by in C:\laragon\www\online-clearance-system\get-status-updates.php:50
Stack trace:
#0 C:\laragon\www\online-clearance-system\get-status-updates.php(50): mysqli_query(Object(mysqli), '\r\n        SELEC...')
#1 {main}
  thrown in C:\laragon\www\online-clearance-system\get-status-updates.php on line 50
[31-Aug-2026 20:42:56 UTC] PHP Fatal error:  Uncaught mysqli_sql_exception: Expression #2 of SELECT list is not in GROUP BY clause and contains nonaggregated column 'clearance_system.cs.status' which is not functionally dependent on columns in GROUP BY clause; this is incompatible with sql_mode=only_full_group_by in C:\laragon\www\online-clearance-system\get-status-updates.php:50
Stack trace:
#0 C:\laragon\www\online-clearance-system\get-status-updates.php(50): mysqli_query(Object(mysqli), '\r\n        SELEC...')
#1 {main}
  thrown in C:\laragon\www\online-clearance-system\get-status-updates.php on line 50
[31-Aug-2026 20:43:51 UTC] PHP Fatal error:  Uncaught mysqli_sql_exception: Expression #2 of SELECT list is not in GROUP BY clause and contains nonaggregated column 'clearance_system.cs.status' which is not functionally dependent on columns in GROUP BY clause; this is incompatible with sql_mode=only_full_group_by in C:\laragon\www\online-clearance-system\get-status-updates.php:50
Stack trace:
#0 C:\laragon\www\online-clearance-system\get-status-updates.php(50): mysqli_query(Object(mysqli), '\r\n        SELEC...')
#1 {main}
  thrown in C:\laragon\www\online-clearance-system\get-status-updates.php on line 50
[31-Aug-2026 20:44:51 UTC] PHP Fatal error:  Uncaught mysqli_sql_exception: Expression #2 of SELECT list is not in GROUP BY clause and contains nonaggregated column 'clearance_system.cs.status' which is not functionally dependent on columns in GROUP BY clause; this is incompatible with sql_mode=only_full_group_by in C:\laragon\www\online-clearance-system\get-status-updates.php:50
Stack trace:
#0 C:\laragon\www\online-clearance-system\get-status-updates.php(50): mysqli_query(Object(mysqli), '\r\n        SELEC...')
#1 {main}
  thrown in C:\laragon\www\online-clearance-system\get-status-updates.php on line 50
[31-Aug-2026 20:45:43 UTC] PHP Fatal error:  Uncaught mysqli_sql_exception: Expression #2 of SELECT list is not in GROUP BY clause and contains nonaggregated column 'clearance_system.cs.status' which is not functionally dependent on columns in GROUP BY clause; this is incompatible with sql_mode=only_full_group_by in C:\laragon\www\online-clearance-system\get-status-updates.php:50
Stack trace:
#0 C:\laragon\www\online-clearance-system\get-status-updates.php(50): mysqli_query(Object(mysqli), '\r\n        SELEC...')
#1 {main}
  thrown in C:\laragon\www\online-clearance-system\get-status-updates.php on line 50
[31-Aug-2026 20:45:45 UTC] PHP Fatal error:  Uncaught mysqli_sql_exception: Expression #2 of SELECT list is not in GROUP BY clause and contains nonaggregated column 'clearance_system.cs.status' which is not functionally dependent on columns in GROUP BY clause; this is incompatible with sql_mode=only_full_group_by in C:\laragon\www\online-clearance-system\get-status-updates.php:50
Stack trace:
#0 C:\laragon\www\online-clearance-system\get-status-updates.php(50): mysqli_query(Object(mysqli), '\r\n        SELEC...')
#1 {main}
  thrown in C:\laragon\www\online-clearance-system\get-status-updates.php on line 50
[31-Aug-2026 20:45:55 UTC] PHP Fatal error:  Uncaught mysqli_sql_exception: Expression #2 of SELECT list is not in GROUP BY clause and contains nonaggregated column 'clearance_system.cs.status' which is not functionally dependent on columns in GROUP BY clause; this is incompatible with sql_mode=only_full_group_by in C:\laragon\www\online-clearance-system\get-status-updates.php:50
Stack trace:
#0 C:\laragon\www\online-clearance-system\get-status-updates.php(50): mysqli_query(Object(mysqli), '\r\n        SELEC...')
#1 {main}
  thrown in C:\laragon\www\online-clearance-system\get-status-updates.php on line 50
[31-Aug-2026 20:46:31 UTC] PHP Fatal error:  Uncaught mysqli_sql_exception: Unknown column 'cs.department_name' in 'where clause' in C:\laragon\www\online-clearance-system\get-status-updates.php:64
Stack trace:
#0 C:\laragon\www\online-clearance-system\get-status-updates.php(64): mysqli_query(Object(mysqli), '\r\n        SELEC...')
#1 {main}
  thrown in C:\laragon\www\online-clearance-system\get-status-updates.php on line 64
[31-Aug-2026 20:46:41 UTC] PHP Fatal error:  Uncaught mysqli_sql_exception: Unknown column 'cs.department_name' in 'where clause' in C:\laragon\www\online-clearance-system\get-status-updates.php:64
Stack trace:
#0 C:\laragon\www\online-clearance-system\get-status-updates.php(64): mysqli_query(Object(mysqli), '\r\n        SELEC...')
#1 {main}
  thrown in C:\laragon\www\online-clearance-system\get-status-updates.php on line 64
[31-Aug-2026 20:46:52 UTC] PHP Fatal error:  Uncaught mysqli_sql_exception: Unknown column 'cs.department_name' in 'where clause' in C:\laragon\www\online-clearance-system\get-status-updates.php:64
Stack trace:
#0 C:\laragon\www\online-clearance-system\get-status-updates.php(64): mysqli_query(Object(mysqli), '\r\n        SELEC...')
#1 {main}
  thrown in C:\laragon\www\online-clearance-system\get-status-updates.php on line 64
[31-Aug-2026 20:47:01 UTC] PHP Fatal error:  Uncaught mysqli_sql_exception: Unknown column 'cs.department_name' in 'where clause' in C:\laragon\www\online-clearance-system\get-status-updates.php:64
Stack trace:
#0 C:\laragon\www\online-clearance-system\get-status-updates.php(64): mysqli_query(Object(mysqli), '\r\n        SELEC...')
#1 {main}
  thrown in C:\laragon\www\online-clearance-system\get-status-updates.php on line 64
[31-Aug-2026 20:47:12 UTC] PHP Fatal error:  Uncaught mysqli_sql_exception: Unknown column 'cs.department_name' in 'where clause' in C:\laragon\www\online-clearance-system\get-status-updates.php:64
Stack trace:
#0 C:\laragon\www\online-clearance-system\get-status-updates.php(64): mysqli_query(Object(mysqli), '\r\n        SELEC...')
#1 {main}
  thrown in C:\laragon\www\online-clearance-system\get-status-updates.php on line 64
[31-Aug-2026 20:47:22 UTC] PHP Fatal error:  Uncaught mysqli_sql_exception: Unknown column 'cs.department_name' in 'where clause' in C:\laragon\www\online-clearance-system\get-status-updates.php:64
Stack trace:
#0 C:\laragon\www\online-clearance-system\get-status-updates.php(64): mysqli_query(Object(mysqli), '\r\n        SELEC...')
#1 {main}
  thrown in C:\laragon\www\online-clearance-system\get-status-updates.php on line 64
[31-Aug-2026 20:47:32 UTC] PHP Fatal error:  Uncaught mysqli_sql_exception: Unknown column 'cs.department_name' in 'where clause' in C:\laragon\www\online-clearance-system\get-status-updates.php:64
Stack trace:
#0 C:\laragon\www\online-clearance-system\get-status-updates.php(64): mysqli_query(Object(mysqli), '\r\n        SELEC...')
#1 {main}
  thrown in C:\laragon\www\online-clearance-system\get-status-updates.php on line 64
[31-Aug-2026 20:47:42 UTC] PHP Fatal error:  Uncaught mysqli_sql_exception: Unknown column 'cs.department_name' in 'where clause' in C:\laragon\www\online-clearance-system\get-status-updates.php:64
Stack trace:
#0 C:\laragon\www\online-clearance-system\get-status-updates.php(64): mysqli_query(Object(mysqli), '\r\n        SELEC...')
#1 {main}
  thrown in C:\laragon\www\online-clearance-system\get-status-updates.php on line 64
[31-Aug-2026 20:47:52 UTC] PHP Fatal error:  Uncaught mysqli_sql_exception: Unknown column 'cs.department_name' in 'where clause' in C:\laragon\www\online-clearance-system\get-status-updates.php:64
Stack trace:
#0 C:\laragon\www\online-clearance-system\get-status-updates.php(64): mysqli_query(Object(mysqli), '\r\n        SELEC...')
#1 {main}
  thrown in C:\laragon\www\online-clearance-system\get-status-updates.php on line 64
[31-Aug-2026 20:48:02 UTC] PHP Fatal error:  Uncaught mysqli_sql_exception: Unknown column 'cs.department_name' in 'where clause' in C:\laragon\www\online-clearance-system\get-status-updates.php:64
Stack trace:
#0 C:\laragon\www\online-clearance-system\get-status-updates.php(64): mysqli_query(Object(mysqli), '\r\n        SELEC...')
#1 {main}
  thrown in C:\laragon\www\online-clearance-system\get-status-updates.php on line 64
[31-Aug-2026 20:48:51 UTC] PHP Fatal error:  Uncaught mysqli_sql_exception: Unknown column 'cs.department_name' in 'where clause' in C:\laragon\www\online-clearance-system\get-status-updates.php:64
Stack trace:
#0 C:\laragon\www\online-clearance-system\get-status-updates.php(64): mysqli_query(Object(mysqli), '\r\n        SELEC...')
#1 {main}
  thrown in C:\laragon\www\online-clearance-system\get-status-updates.php on line 64
[31-Aug-2026 20:49:47 UTC] PHP Fatal error:  Uncaught mysqli_sql_exception: Unknown column 'cs.department_name' in 'where clause' in C:\laragon\www\online-clearance-system\get-status-updates.php:64
Stack trace:
#0 C:\laragon\www\online-clearance-system\get-status-updates.php(64): mysqli_query(Object(mysqli), '\r\n        SELEC...')
#1 {main}
  thrown in C:\laragon\www\online-clearance-system\get-status-updates.php on line 64
[31-Aug-2026 20:50:21 UTC] PHP Fatal error:  Uncaught mysqli_sql_exception: Expression #2 of SELECT list is not in GROUP BY clause and contains nonaggregated column 'clearance_system.cs.status' which is not functionally dependent on columns in GROUP BY clause; this is incompatible with sql_mode=only_full_group_by in C:\laragon\www\online-clearance-system\get-status-updates.php:82
Stack trace:
#0 C:\laragon\www\online-clearance-system\get-status-updates.php(82): mysqli_query(Object(mysqli), '\r\n        SELEC...')
#1 {main}
  thrown in C:\laragon\www\online-clearance-system\get-status-updates.php on line 82
[31-Aug-2026 20:50:32 UTC] PHP Fatal error:  Uncaught mysqli_sql_exception: Expression #2 of SELECT list is not in GROUP BY clause and contains nonaggregated column 'clearance_system.cs.status' which is not functionally dependent on columns in GROUP BY clause; this is incompatible with sql_mode=only_full_group_by in C:\laragon\www\online-clearance-system\get-status-updates.php:82
Stack trace:
#0 C:\laragon\www\online-clearance-system\get-status-updates.php(82): mysqli_query(Object(mysqli), '\r\n        SELEC...')
#1 {main}
  thrown in C:\laragon\www\online-clearance-system\get-status-updates.php on line 82
[31-Aug-2026 20:50:42 UTC] PHP Fatal error:  Uncaught mysqli_sql_exception: Expression #2 of SELECT list is not in GROUP BY clause and contains nonaggregated column 'clearance_system.cs.status' which is not functionally dependent on columns in GROUP BY clause; this is incompatible with sql_mode=only_full_group_by in C:\laragon\www\online-clearance-system\get-status-updates.php:82
Stack trace:
#0 C:\laragon\www\online-clearance-system\get-status-updates.php(82): mysqli_query(Object(mysqli), '\r\n        SELEC...')
#1 {main}
  thrown in C:\laragon\www\online-clearance-system\get-status-updates.php on line 82
[31-Aug-2026 20:50:51 UTC] PHP Fatal error:  Uncaught mysqli_sql_exception: Expression #2 of SELECT list is not in GROUP BY clause and contains nonaggregated column 'clearance_system.cs.status' which is not functionally dependent on columns in GROUP BY clause; this is incompatible with sql_mode=only_full_group_by in C:\laragon\www\online-clearance-system\get-status-updates.php:82
Stack trace:
#0 C:\laragon\www\online-clearance-system\get-status-updates.php(82): mysqli_query(Object(mysqli), '\r\n        SELEC...')
#1 {main}
  thrown in C:\laragon\www\online-clearance-system\get-status-updates.php on line 82
[31-Aug-2026 20:51:01 UTC] PHP Fatal error:  Uncaught mysqli_sql_exception: Expression #2 of SELECT list is not in GROUP BY clause and contains nonaggregated column 'clearance_system.cs.status' which is not functionally dependent on columns in GROUP BY clause; this is incompatible with sql_mode=only_full_group_by in C:\laragon\www\online-clearance-system\get-status-updates.php:82
Stack trace:
#0 C:\laragon\www\online-clearance-system\get-status-updates.php(82): mysqli_query(Object(mysqli), '\r\n        SELEC...')
#1 {main}
  thrown in C:\laragon\www\online-clearance-system\get-status-updates.php on line 82
[31-Aug-2026 20:51:12 UTC] PHP Fatal error:  Uncaught mysqli_sql_exception: Expression #2 of SELECT list is not in GROUP BY clause and contains nonaggregated column 'clearance_system.cs.status' which is not functionally dependent on columns in GROUP BY clause; this is incompatible with sql_mode=only_full_group_by in C:\laragon\www\online-clearance-system\get-status-updates.php:82
Stack trace:
#0 C:\laragon\www\online-clearance-system\get-status-updates.php(82): mysqli_query(Object(mysqli), '\r\n        SELEC...')
#1 {main}
  thrown in C:\laragon\www\online-clearance-system\get-status-updates.php on line 82
[31-Aug-2026 20:51:22 UTC] PHP Fatal error:  Uncaught mysqli_sql_exception: Expression #2 of SELECT list is not in GROUP BY clause and contains nonaggregated column 'clearance_system.cs.status' which is not functionally dependent on columns in GROUP BY clause; this is incompatible with sql_mode=only_full_group_by in C:\laragon\www\online-clearance-system\get-status-updates.php:82
Stack trace:
#0 C:\laragon\www\online-clearance-system\get-status-updates.php(82): mysqli_query(Object(mysqli), '\r\n        SELEC...')
#1 {main}
  thrown in C:\laragon\www\online-clearance-system\get-status-updates.php on line 82
[31-Aug-2026 20:51:32 UTC] PHP Fatal error:  Uncaught mysqli_sql_exception: Expression #2 of SELECT list is not in GROUP BY clause and contains nonaggregated column 'clearance_system.cs.status' which is not functionally dependent on columns in GROUP BY clause; this is incompatible with sql_mode=only_full_group_by in C:\laragon\www\online-clearance-system\get-status-updates.php:82
Stack trace:
#0 C:\laragon\www\online-clearance-system\get-status-updates.php(82): mysqli_query(Object(mysqli), '\r\n        SELEC...')
#1 {main}
  thrown in C:\laragon\www\online-clearance-system\get-status-updates.php on line 82
[31-Aug-2026 20:51:42 UTC] PHP Fatal error:  Uncaught mysqli_sql_exception: Expression #2 of SELECT list is not in GROUP BY clause and contains nonaggregated column 'clearance_system.cs.status' which is not functionally dependent on columns in GROUP BY clause; this is incompatible with sql_mode=only_full_group_by in C:\laragon\www\online-clearance-system\get-status-updates.php:50
Stack trace:
#0 C:\laragon\www\online-clearance-system\get-status-updates.php(50): mysqli_query(Object(mysqli), '\r\n        SELEC...')
#1 {main}
  thrown in C:\laragon\www\online-clearance-system\get-status-updates.php on line 50
[31-Aug-2026 20:51:49 UTC] PHP Fatal error:  Uncaught mysqli_sql_exception: Expression #2 of SELECT list is not in GROUP BY clause and contains nonaggregated column 'clearance_system.cs.status' which is not functionally dependent on columns in GROUP BY clause; this is incompatible with sql_mode=only_full_group_by in C:\laragon\www\online-clearance-system\get-status-updates.php:50
Stack trace:
#0 C:\laragon\www\online-clearance-system\get-status-updates.php(50): mysqli_query(Object(mysqli), '\r\n        SELEC...')
#1 {main}
  thrown in C:\laragon\www\online-clearance-system\get-status-updates.php on line 50
[31-Aug-2026 20:51:51 UTC] PHP Fatal error:  Uncaught mysqli_sql_exception: Expression #2 of SELECT list is not in GROUP BY clause and contains nonaggregated column 'clearance_system.cs.status' which is not functionally dependent on columns in GROUP BY clause; this is incompatible with sql_mode=only_full_group_by in C:\laragon\www\online-clearance-system\get-status-updates.php:50
Stack trace:
#0 C:\laragon\www\online-clearance-system\get-status-updates.php(50): mysqli_query(Object(mysqli), '\r\n        SELEC...')
#1 {main}
  thrown in C:\laragon\www\online-clearance-system\get-status-updates.php on line 50
[31-Aug-2026 20:51:59 UTC] PHP Fatal error:  Uncaught mysqli_sql_exception: Expression #2 of SELECT list is not in GROUP BY clause and contains nonaggregated column 'clearance_system.cs.status' which is not functionally dependent on columns in GROUP BY clause; this is incompatible with sql_mode=only_full_group_by in C:\laragon\www\online-clearance-system\get-status-updates.php:50
Stack trace:
#0 C:\laragon\www\online-clearance-system\get-status-updates.php(50): mysqli_query(Object(mysqli), '\r\n        SELEC...')
#1 {main}
  thrown in C:\laragon\www\online-clearance-system\get-status-updates.php on line 50
[31-Aug-2026 20:52:02 UTC] PHP Fatal error:  Uncaught mysqli_sql_exception: Expression #2 of SELECT list is not in GROUP BY clause and contains nonaggregated column 'clearance_system.cs.status' which is not functionally dependent on columns in GROUP BY clause; this is incompatible with sql_mode=only_full_group_by in C:\laragon\www\online-clearance-system\get-status-updates.php:50
Stack trace:
#0 C:\laragon\www\online-clearance-system\get-status-updates.php(50): mysqli_query(Object(mysqli), '\r\n        SELEC...')
#1 {main}
  thrown in C:\laragon\www\online-clearance-system\get-status-updates.php on line 50
[31-Aug-2026 20:52:09 UTC] PHP Fatal error:  Uncaught mysqli_sql_exception: Expression #2 of SELECT list is not in GROUP BY clause and contains nonaggregated column 'clearance_system.cs.status' which is not functionally dependent on columns in GROUP BY clause; this is incompatible with sql_mode=only_full_group_by in C:\laragon\www\online-clearance-system\get-status-updates.php:50
Stack trace:
#0 C:\laragon\www\online-clearance-system\get-status-updates.php(50): mysqli_query(Object(mysqli), '\r\n        SELEC...')
#1 {main}
  thrown in C:\laragon\www\online-clearance-system\get-status-updates.php on line 50
[31-Aug-2026 20:52:12 UTC] PHP Fatal error:  Uncaught mysqli_sql_exception: Expression #2 of SELECT list is not in GROUP BY clause and contains nonaggregated column 'clearance_system.cs.status' which is not functionally dependent on columns in GROUP BY clause; this is incompatible with sql_mode=only_full_group_by in C:\laragon\www\online-clearance-system\get-status-updates.php:50
Stack trace:
#0 C:\laragon\www\online-clearance-system\get-status-updates.php(50): mysqli_query(Object(mysqli), '\r\n        SELEC...')
#1 {main}
  thrown in C:\laragon\www\online-clearance-system\get-status-updates.php on line 50
[31-Aug-2026 20:52:19 UTC] PHP Fatal error:  Uncaught mysqli_sql_exception: Expression #2 of SELECT list is not in GROUP BY clause and contains nonaggregated column 'clearance_system.cs.status' which is not functionally dependent on columns in GROUP BY clause; this is incompatible with sql_mode=only_full_group_by in C:\laragon\www\online-clearance-system\get-status-updates.php:50
Stack trace:
#0 C:\laragon\www\online-clearance-system\get-status-updates.php(50): mysqli_query(Object(mysqli), '\r\n        SELEC...')
#1 {main}
  thrown in C:\laragon\www\online-clearance-system\get-status-updates.php on line 50
[31-Aug-2026 20:52:22 UTC] PHP Fatal error:  Uncaught mysqli_sql_exception: Expression #2 of SELECT list is not in GROUP BY clause and contains nonaggregated column 'clearance_system.cs.status' which is not functionally dependent on columns in GROUP BY clause; this is incompatible with sql_mode=only_full_group_by in C:\laragon\www\online-clearance-system\get-status-updates.php:50
Stack trace:
#0 C:\laragon\www\online-clearance-system\get-status-updates.php(50): mysqli_query(Object(mysqli), '\r\n        SELEC...')
#1 {main}
  thrown in C:\laragon\www\online-clearance-system\get-status-updates.php on line 50
[31-Aug-2026 20:52:29 UTC] PHP Fatal error:  Uncaught mysqli_sql_exception: Expression #2 of SELECT list is not in GROUP BY clause and contains nonaggregated column 'clearance_system.cs.status' which is not functionally dependent on columns in GROUP BY clause; this is incompatible with sql_mode=only_full_group_by in C:\laragon\www\online-clearance-system\get-status-updates.php:50
Stack trace:
#0 C:\laragon\www\online-clearance-system\get-status-updates.php(50): mysqli_query(Object(mysqli), '\r\n        SELEC...')
#1 {main}
  thrown in C:\laragon\www\online-clearance-system\get-status-updates.php on line 50
[31-Aug-2026 20:52:32 UTC] PHP Fatal error:  Uncaught mysqli_sql_exception: Expression #2 of SELECT list is not in GROUP BY clause and contains nonaggregated column 'clearance_system.cs.status' which is not functionally dependent on columns in GROUP BY clause; this is incompatible with sql_mode=only_full_group_by in C:\laragon\www\online-clearance-system\get-status-updates.php:50
Stack trace:
#0 C:\laragon\www\online-clearance-system\get-status-updates.php(50): mysqli_query(Object(mysqli), '\r\n        SELEC...')
#1 {main}
  thrown in C:\laragon\www\online-clearance-system\get-status-updates.php on line 50
[31-Aug-2026 20:52:39 UTC] PHP Fatal error:  Uncaught mysqli_sql_exception: Expression #2 of SELECT list is not in GROUP BY clause and contains nonaggregated column 'clearance_system.cs.status' which is not functionally dependent on columns in GROUP BY clause; this is incompatible with sql_mode=only_full_group_by in C:\laragon\www\online-clearance-system\get-status-updates.php:50
Stack trace:
#0 C:\laragon\www\online-clearance-system\get-status-updates.php(50): mysqli_query(Object(mysqli), '\r\n        SELEC...')
#1 {main}
  thrown in C:\laragon\www\online-clearance-system\get-status-updates.php on line 50
[31-Aug-2026 20:52:42 UTC] PHP Fatal error:  Uncaught mysqli_sql_exception: Expression #2 of SELECT list is not in GROUP BY clause and contains nonaggregated column 'clearance_system.cs.status' which is not functionally dependent on columns in GROUP BY clause; this is incompatible with sql_mode=only_full_group_by in C:\laragon\www\online-clearance-system\get-status-updates.php:50
Stack trace:
#0 C:\laragon\www\online-clearance-system\get-status-updates.php(50): mysqli_query(Object(mysqli), '\r\n        SELEC...')
#1 {main}
  thrown in C:\laragon\www\online-clearance-system\get-status-updates.php on line 50
[31-Aug-2026 20:52:49 UTC] PHP Fatal error:  Uncaught mysqli_sql_exception: Expression #2 of SELECT list is not in GROUP BY clause and contains nonaggregated column 'clearance_system.cs.status' which is not functionally dependent on columns in GROUP BY clause; this is incompatible with sql_mode=only_full_group_by in C:\laragon\www\online-clearance-system\get-status-updates.php:50
Stack trace:
#0 C:\laragon\www\online-clearance-system\get-status-updates.php(50): mysqli_query(Object(mysqli), '\r\n        SELEC...')
#1 {main}
  thrown in C:\laragon\www\online-clearance-system\get-status-updates.php on line 50
[31-Aug-2026 20:52:52 UTC] PHP Fatal error:  Uncaught mysqli_sql_exception: Expression #2 of SELECT list is not in GROUP BY clause and contains nonaggregated column 'clearance_system.cs.status' which is not functionally dependent on columns in GROUP BY clause; this is incompatible with sql_mode=only_full_group_by in C:\laragon\www\online-clearance-system\get-status-updates.php:50
Stack trace:
#0 C:\laragon\www\online-clearance-system\get-status-updates.php(50): mysqli_query(Object(mysqli), '\r\n        SELEC...')
#1 {main}
  thrown in C:\laragon\www\online-clearance-system\get-status-updates.php on line 50
[31-Aug-2026 20:53:02 UTC] PHP Fatal error:  Uncaught mysqli_sql_exception: Expression #2 of SELECT list is not in GROUP BY clause and contains nonaggregated column 'clearance_system.cs.status' which is not functionally dependent on columns in GROUP BY clause; this is incompatible with sql_mode=only_full_group_by in C:\laragon\www\online-clearance-system\get-status-updates.php:50
Stack trace:
#0 C:\laragon\www\online-clearance-system\get-status-updates.php(50): mysqli_query(Object(mysqli), '\r\n        SELEC...')
#1 {main}
  thrown in C:\laragon\www\online-clearance-system\get-status-updates.php on line 50
[31-Aug-2026 20:53:12 UTC] PHP Fatal error:  Uncaught mysqli_sql_exception: Expression #2 of SELECT list is not in GROUP BY clause and contains nonaggregated column 'clearance_system.cs.status' which is not functionally dependent on columns in GROUP BY clause; this is incompatible with sql_mode=only_full_group_by in C:\laragon\www\online-clearance-system\get-status-updates.php:50
Stack trace:
#0 C:\laragon\www\online-clearance-system\get-status-updates.php(50): mysqli_query(Object(mysqli), '\r\n        SELEC...')
#1 {main}
  thrown in C:\laragon\www\online-clearance-system\get-status-updates.php on line 50
[31-Aug-2026 20:53:50 UTC] PHP Fatal error:  Uncaught mysqli_sql_exception: Expression #2 of SELECT list is not in GROUP BY clause and contains nonaggregated column 'clearance_system.cs.status' which is not functionally dependent on columns in GROUP BY clause; this is incompatible with sql_mode=only_full_group_by in C:\laragon\www\online-clearance-system\get-status-updates.php:50
Stack trace:
#0 C:\laragon\www\online-clearance-system\get-status-updates.php(50): mysqli_query(Object(mysqli), '\r\n        SELEC...')
#1 {main}
  thrown in C:\laragon\www\online-clearance-system\get-status-updates.php on line 50
[31-Aug-2026 20:53:51 UTC] PHP Fatal error:  Uncaught mysqli_sql_exception: Expression #2 of SELECT list is not in GROUP BY clause and contains nonaggregated column 'clearance_system.cs.status' which is not functionally dependent on columns in GROUP BY clause; this is incompatible with sql_mode=only_full_group_by in C:\laragon\www\online-clearance-system\get-status-updates.php:50
Stack trace:
#0 C:\laragon\www\online-clearance-system\get-status-updates.php(50): mysqli_query(Object(mysqli), '\r\n        SELEC...')
#1 {main}
  thrown in C:\laragon\www\online-clearance-system\get-status-updates.php on line 50
[31-Aug-2026 20:54:51 UTC] PHP Fatal error:  Uncaught mysqli_sql_exception: Expression #2 of SELECT list is not in GROUP BY clause and contains nonaggregated column 'clearance_system.cs.status' which is not functionally dependent on columns in GROUP BY clause; this is incompatible with sql_mode=only_full_group_by in C:\laragon\www\online-clearance-system\get-status-updates.php:50
Stack trace:
#0 C:\laragon\www\online-clearance-system\get-status-updates.php(50): mysqli_query(Object(mysqli), '\r\n        SELEC...')
#1 {main}
  thrown in C:\laragon\www\online-clearance-system\get-status-updates.php on line 50
[31-Aug-2026 20:54:51 UTC] PHP Fatal error:  Uncaught mysqli_sql_exception: Expression #2 of SELECT list is not in GROUP BY clause and contains nonaggregated column 'clearance_system.cs.status' which is not functionally dependent on columns in GROUP BY clause; this is incompatible with sql_mode=only_full_group_by in C:\laragon\www\online-clearance-system\get-status-updates.php:50
Stack trace:
#0 C:\laragon\www\online-clearance-system\get-status-updates.php(50): mysqli_query(Object(mysqli), '\r\n        SELEC...')
#1 {main}
  thrown in C:\laragon\www\online-clearance-system\get-status-updates.php on line 50
[31-Aug-2026 20:55:47 UTC] PHP Fatal error:  Uncaught mysqli_sql_exception: Expression #2 of SELECT list is not in GROUP BY clause and contains nonaggregated column 'clearance_system.cs.status' which is not functionally dependent on columns in GROUP BY clause; this is incompatible with sql_mode=only_full_group_by in C:\laragon\www\online-clearance-system\get-status-updates.php:50
Stack trace:
#0 C:\laragon\www\online-clearance-system\get-status-updates.php(50): mysqli_query(Object(mysqli), '\r\n        SELEC...')
#1 {main}
  thrown in C:\laragon\www\online-clearance-system\get-status-updates.php on line 50
[31-Aug-2026 20:55:48 UTC] PHP Fatal error:  Uncaught mysqli_sql_exception: Expression #2 of SELECT list is not in GROUP BY clause and contains nonaggregated column 'clearance_system.cs.status' which is not functionally dependent on columns in GROUP BY clause; this is incompatible with sql_mode=only_full_group_by in C:\laragon\www\online-clearance-system\get-status-updates.php:50
Stack trace:
#0 C:\laragon\www\online-clearance-system\get-status-updates.php(50): mysqli_query(Object(mysqli), '\r\n        SELEC...')
#1 {main}
  thrown in C:\laragon\www\online-clearance-system\get-status-updates.php on line 50
[31-Aug-2026 20:55:51 UTC] PHP Fatal error:  Uncaught mysqli_sql_exception: Expression #2 of SELECT list is not in GROUP BY clause and contains nonaggregated column 'clearance_system.cs.status' which is not functionally dependent on columns in GROUP BY clause; this is incompatible with sql_mode=only_full_group_by in C:\laragon\www\online-clearance-system\get-status-updates.php:50
Stack trace:
#0 C:\laragon\www\online-clearance-system\get-status-updates.php(50): mysqli_query(Object(mysqli), '\r\n        SELEC...')
#1 {main}
  thrown in C:\laragon\www\online-clearance-system\get-status-updates.php on line 50
[31-Aug-2026 20:56:00 UTC] PHP Fatal error:  Uncaught mysqli_sql_exception: Expression #2 of SELECT list is not in GROUP BY clause and contains nonaggregated column 'clearance_system.cs.status' which is not functionally dependent on columns in GROUP BY clause; this is incompatible with sql_mode=only_full_group_by in C:\laragon\www\online-clearance-system\get-status-updates.php:50
Stack trace:
#0 C:\laragon\www\online-clearance-system\get-status-updates.php(50): mysqli_query(Object(mysqli), '\r\n        SELEC...')
#1 {main}
  thrown in C:\laragon\www\online-clearance-system\get-status-updates.php on line 50
[31-Aug-2026 20:56:11 UTC] PHP Fatal error:  Uncaught mysqli_sql_exception: Expression #2 of SELECT list is not in GROUP BY clause and contains nonaggregated column 'clearance_system.cs.status' which is not functionally dependent on columns in GROUP BY clause; this is incompatible with sql_mode=only_full_group_by in C:\laragon\www\online-clearance-system\get-status-updates.php:50
Stack trace:
#0 C:\laragon\www\online-clearance-system\get-status-updates.php(50): mysqli_query(Object(mysqli), '\r\n        SELEC...')
#1 {main}
  thrown in C:\laragon\www\online-clearance-system\get-status-updates.php on line 50
[31-Aug-2026 20:56:20 UTC] PHP Fatal error:  Uncaught mysqli_sql_exception: Expression #2 of SELECT list is not in GROUP BY clause and contains nonaggregated column 'clearance_system.cs.status' which is not functionally dependent on columns in GROUP BY clause; this is incompatible with sql_mode=only_full_group_by in C:\laragon\www\online-clearance-system\get-status-updates.php:50
Stack trace:
#0 C:\laragon\www\online-clearance-system\get-status-updates.php(50): mysqli_query(Object(mysqli), '\r\n        SELEC...')
#1 {main}
  thrown in C:\laragon\www\online-clearance-system\get-status-updates.php on line 50
[31-Aug-2026 20:56:31 UTC] PHP Fatal error:  Uncaught mysqli_sql_exception: Expression #2 of SELECT list is not in GROUP BY clause and contains nonaggregated column 'clearance_system.cs.status' which is not functionally dependent on columns in GROUP BY clause; this is incompatible with sql_mode=only_full_group_by in C:\laragon\www\online-clearance-system\get-status-updates.php:50
Stack trace:
#0 C:\laragon\www\online-clearance-system\get-status-updates.php(50): mysqli_query(Object(mysqli), '\r\n        SELEC...')
#1 {main}
  thrown in C:\laragon\www\online-clearance-system\get-status-updates.php on line 50
[31-Aug-2026 20:56:41 UTC] PHP Fatal error:  Uncaught mysqli_sql_exception: Expression #2 of SELECT list is not in GROUP BY clause and contains nonaggregated column 'clearance_system.cs.status' which is not functionally dependent on columns in GROUP BY clause; this is incompatible with sql_mode=only_full_group_by in C:\laragon\www\online-clearance-system\get-status-updates.php:50
Stack trace:
#0 C:\laragon\www\online-clearance-system\get-status-updates.php(50): mysqli_query(Object(mysqli), '\r\n        SELEC...')
#1 {main}
  thrown in C:\laragon\www\online-clearance-system\get-status-updates.php on line 50
[31-Aug-2026 20:56:51 UTC] PHP Fatal error:  Uncaught mysqli_sql_exception: Expression #2 of SELECT list is not in GROUP BY clause and contains nonaggregated column 'clearance_system.cs.status' which is not functionally dependent on columns in GROUP BY clause; this is incompatible with sql_mode=only_full_group_by in C:\laragon\www\online-clearance-system\get-status-updates.php:50
Stack trace:
#0 C:\laragon\www\online-clearance-system\get-status-updates.php(50): mysqli_query(Object(mysqli), '\r\n        SELEC...')
#1 {main}
  thrown in C:\laragon\www\online-clearance-system\get-status-updates.php on line 50
[31-Aug-2026 20:56:51 UTC] PHP Fatal error:  Uncaught mysqli_sql_exception: Expression #2 of SELECT list is not in GROUP BY clause and contains nonaggregated column 'clearance_system.cs.status' which is not functionally dependent on columns in GROUP BY clause; this is incompatible with sql_mode=only_full_group_by in C:\laragon\www\online-clearance-system\get-status-updates.php:50
Stack trace:
#0 C:\laragon\www\online-clearance-system\get-status-updates.php(50): mysqli_query(Object(mysqli), '\r\n        SELEC...')
#1 {main}
  thrown in C:\laragon\www\online-clearance-system\get-status-updates.php on line 50
[31-Aug-2026 20:57:01 UTC] PHP Fatal error:  Uncaught mysqli_sql_exception: Expression #2 of SELECT list is not in GROUP BY clause and contains nonaggregated column 'clearance_system.cs.status' which is not functionally dependent on columns in GROUP BY clause; this is incompatible with sql_mode=only_full_group_by in C:\laragon\www\online-clearance-system\get-status-updates.php:50
Stack trace:
#0 C:\laragon\www\online-clearance-system\get-status-updates.php(50): mysqli_query(Object(mysqli), '\r\n        SELEC...')
#1 {main}
  thrown in C:\laragon\www\online-clearance-system\get-status-updates.php on line 50
[31-Aug-2026 20:57:11 UTC] PHP Fatal error:  Uncaught mysqli_sql_exception: Expression #2 of SELECT list is not in GROUP BY clause and contains nonaggregated column 'clearance_system.cs.status' which is not functionally dependent on columns in GROUP BY clause; this is incompatible with sql_mode=only_full_group_by in C:\laragon\www\online-clearance-system\get-status-updates.php:50
Stack trace:
#0 C:\laragon\www\online-clearance-system\get-status-updates.php(50): mysqli_query(Object(mysqli), '\r\n        SELEC...')
#1 {main}
  thrown in C:\laragon\www\online-clearance-system\get-status-updates.php on line 50
[31-Aug-2026 20:57:21 UTC] PHP Fatal error:  Uncaught mysqli_sql_exception: Expression #2 of SELECT list is not in GROUP BY clause and contains nonaggregated column 'clearance_system.cs.status' which is not functionally dependent on columns in GROUP BY clause; this is incompatible with sql_mode=only_full_group_by in C:\laragon\www\online-clearance-system\get-status-updates.php:50
Stack trace:
#0 C:\laragon\www\online-clearance-system\get-status-updates.php(50): mysqli_query(Object(mysqli), '\r\n        SELEC...')
#1 {main}
  thrown in C:\laragon\www\online-clearance-system\get-status-updates.php on line 50
[31-Aug-2026 20:57:51 UTC] PHP Fatal error:  Uncaught mysqli_sql_exception: Expression #2 of SELECT list is not in GROUP BY clause and contains nonaggregated column 'clearance_system.cs.status' which is not functionally dependent on columns in GROUP BY clause; this is incompatible with sql_mode=only_full_group_by in C:\laragon\www\online-clearance-system\get-status-updates.php:50
Stack trace:
#0 C:\laragon\www\online-clearance-system\get-status-updates.php(50): mysqli_query(Object(mysqli), '\r\n        SELEC...')
#1 {main}
  thrown in C:\laragon\www\online-clearance-system\get-status-updates.php on line 50
[31-Aug-2026 20:57:51 UTC] PHP Fatal error:  Uncaught mysqli_sql_exception: Expression #2 of SELECT list is not in GROUP BY clause and contains nonaggregated column 'clearance_system.cs.status' which is not functionally dependent on columns in GROUP BY clause; this is incompatible with sql_mode=only_full_group_by in C:\laragon\www\online-clearance-system\get-status-updates.php:50
Stack trace:
#0 C:\laragon\www\online-clearance-system\get-status-updates.php(50): mysqli_query(Object(mysqli), '\r\n        SELEC...')
#1 {main}
  thrown in C:\laragon\www\online-clearance-system\get-status-updates.php on line 50
[31-Aug-2026 20:58:51 UTC] PHP Fatal error:  Uncaught mysqli_sql_exception: Expression #2 of SELECT list is not in GROUP BY clause and contains nonaggregated column 'clearance_system.cs.status' which is not functionally dependent on columns in GROUP BY clause; this is incompatible with sql_mode=only_full_group_by in C:\laragon\www\online-clearance-system\get-status-updates.php:50
Stack trace:
#0 C:\laragon\www\online-clearance-system\get-status-updates.php(50): mysqli_query(Object(mysqli), '\r\n        SELEC...')
#1 {main}
  thrown in C:\laragon\www\online-clearance-system\get-status-updates.php on line 50
[31-Aug-2026 20:58:51 UTC] PHP Fatal error:  Uncaught mysqli_sql_exception: Expression #2 of SELECT list is not in GROUP BY clause and contains nonaggregated column 'clearance_system.cs.status' which is not functionally dependent on columns in GROUP BY clause; this is incompatible with sql_mode=only_full_group_by in C:\laragon\www\online-clearance-system\get-status-updates.php:50
Stack trace:
#0 C:\laragon\www\online-clearance-system\get-status-updates.php(50): mysqli_query(Object(mysqli), '\r\n        SELEC...')
#1 {main}
  thrown in C:\laragon\www\online-clearance-system\get-status-updates.php on line 50
[31-Aug-2026 20:59:51 UTC] PHP Fatal error:  Uncaught mysqli_sql_exception: Expression #2 of SELECT list is not in GROUP BY clause and contains nonaggregated column 'clearance_system.cs.status' which is not functionally dependent on columns in GROUP BY clause; this is incompatible with sql_mode=only_full_group_by in C:\laragon\www\online-clearance-system\get-status-updates.php:50
Stack trace:
#0 C:\laragon\www\online-clearance-system\get-status-updates.php(50): mysqli_query(Object(mysqli), '\r\n        SELEC...')
#1 {main}
  thrown in C:\laragon\www\online-clearance-system\get-status-updates.php on line 50
[31-Aug-2026 20:59:51 UTC] PHP Fatal error:  Uncaught mysqli_sql_exception: Expression #2 of SELECT list is not in GROUP BY clause and contains nonaggregated column 'clearance_system.cs.status' which is not functionally dependent on columns in GROUP BY clause; this is incompatible with sql_mode=only_full_group_by in C:\laragon\www\online-clearance-system\get-status-updates.php:50
Stack trace:
#0 C:\laragon\www\online-clearance-system\get-status-updates.php(50): mysqli_query(Object(mysqli), '\r\n        SELEC...')
#1 {main}
  thrown in C:\laragon\www\online-clearance-system\get-status-updates.php on line 50
[31-Aug-2026 21:00:13 UTC] PHP Fatal error:  Uncaught mysqli_sql_exception: Expression #2 of SELECT list is not in GROUP BY clause and contains nonaggregated column 'clearance_system.cs.status' which is not functionally dependent on columns in GROUP BY clause; this is incompatible with sql_mode=only_full_group_by in C:\laragon\www\online-clearance-system\get-status-updates.php:50
Stack trace:
#0 C:\laragon\www\online-clearance-system\get-status-updates.php(50): mysqli_query(Object(mysqli), '\r\n        SELEC...')
#1 {main}
  thrown in C:\laragon\www\online-clearance-system\get-status-updates.php on line 50
[31-Aug-2026 21:00:20 UTC] PHP Fatal error:  Uncaught mysqli_sql_exception: Expression #2 of SELECT list is not in GROUP BY clause and contains nonaggregated column 'clearance_system.cs.status' which is not functionally dependent on columns in GROUP BY clause; this is incompatible with sql_mode=only_full_group_by in C:\laragon\www\online-clearance-system\get-status-updates.php:50
Stack trace:
#0 C:\laragon\www\online-clearance-system\get-status-updates.php(50): mysqli_query(Object(mysqli), '\r\n        SELEC...')
#1 {main}
  thrown in C:\laragon\www\online-clearance-system\get-status-updates.php on line 50
[31-Aug-2026 21:00:48 UTC] PHP Fatal error:  Uncaught mysqli_sql_exception: Unknown column 'cs.department_name' in 'where clause' in C:\laragon\www\online-clearance-system\get-status-updates.php:64
Stack trace:
#0 C:\laragon\www\online-clearance-system\get-status-updates.php(64): mysqli_query(Object(mysqli), '\r\n        SELEC...')
#1 {main}
  thrown in C:\laragon\www\online-clearance-system\get-status-updates.php on line 64
[31-Aug-2026 21:00:51 UTC] PHP Fatal error:  Uncaught mysqli_sql_exception: Unknown column 'cs.department_name' in 'where clause' in C:\laragon\www\online-clearance-system\get-status-updates.php:64
Stack trace:
#0 C:\laragon\www\online-clearance-system\get-status-updates.php(64): mysqli_query(Object(mysqli), '\r\n        SELEC...')
#1 {main}
  thrown in C:\laragon\www\online-clearance-system\get-status-updates.php on line 64
[31-Aug-2026 21:00:58 UTC] PHP Fatal error:  Uncaught mysqli_sql_exception: Unknown column 'cs.department_name' in 'where clause' in C:\laragon\www\online-clearance-system\get-status-updates.php:64
Stack trace:
#0 C:\laragon\www\online-clearance-system\get-status-updates.php(64): mysqli_query(Object(mysqli), '\r\n        SELEC...')
#1 {main}
  thrown in C:\laragon\www\online-clearance-system\get-status-updates.php on line 64
[31-Aug-2026 21:01:08 UTC] PHP Fatal error:  Uncaught mysqli_sql_exception: Unknown column 'cs.department_name' in 'where clause' in C:\laragon\www\online-clearance-system\get-status-updates.php:64
Stack trace:
#0 C:\laragon\www\online-clearance-system\get-status-updates.php(64): mysqli_query(Object(mysqli), '\r\n        SELEC...')
#1 {main}
  thrown in C:\laragon\www\online-clearance-system\get-status-updates.php on line 64
[31-Aug-2026 21:01:18 UTC] PHP Fatal error:  Uncaught mysqli_sql_exception: Unknown column 'cs.department_name' in 'where clause' in C:\laragon\www\online-clearance-system\get-status-updates.php:64
Stack trace:
#0 C:\laragon\www\online-clearance-system\get-status-updates.php(64): mysqli_query(Object(mysqli), '\r\n        SELEC...')
#1 {main}
  thrown in C:\laragon\www\online-clearance-system\get-status-updates.php on line 64
[31-Aug-2026 21:01:28 UTC] PHP Fatal error:  Uncaught mysqli_sql_exception: Unknown column 'cs.department_name' in 'where clause' in C:\laragon\www\online-clearance-system\get-status-updates.php:64
Stack trace:
#0 C:\laragon\www\online-clearance-system\get-status-updates.php(64): mysqli_query(Object(mysqli), '\r\n        SELEC...')
#1 {main}
  thrown in C:\laragon\www\online-clearance-system\get-status-updates.php on line 64
[31-Aug-2026 21:01:38 UTC] PHP Fatal error:  Uncaught mysqli_sql_exception: Unknown column 'cs.department_name' in 'where clause' in C:\laragon\www\online-clearance-system\get-status-updates.php:64
Stack trace:
#0 C:\laragon\www\online-clearance-system\get-status-updates.php(64): mysqli_query(Object(mysqli), '\r\n        SELEC...')
#1 {main}
  thrown in C:\laragon\www\online-clearance-system\get-status-updates.php on line 64
[31-Aug-2026 21:01:48 UTC] PHP Fatal error:  Uncaught mysqli_sql_exception: Unknown column 'cs.department_name' in 'where clause' in C:\laragon\www\online-clearance-system\get-status-updates.php:64
Stack trace:
#0 C:\laragon\www\online-clearance-system\get-status-updates.php(64): mysqli_query(Object(mysqli), '\r\n        SELEC...')
#1 {main}
  thrown in C:\laragon\www\online-clearance-system\get-status-updates.php on line 64
[31-Aug-2026 21:01:51 UTC] PHP Fatal error:  Uncaught mysqli_sql_exception: Unknown column 'cs.department_name' in 'where clause' in C:\laragon\www\online-clearance-system\get-status-updates.php:64
Stack trace:
#0 C:\laragon\www\online-clearance-system\get-status-updates.php(64): mysqli_query(Object(mysqli), '\r\n        SELEC...')
#1 {main}
  thrown in C:\laragon\www\online-clearance-system\get-status-updates.php on line 64
[31-Aug-2026 21:01:58 UTC] PHP Fatal error:  Uncaught mysqli_sql_exception: Unknown column 'cs.department_name' in 'where clause' in C:\laragon\www\online-clearance-system\get-status-updates.php:64
Stack trace:
#0 C:\laragon\www\online-clearance-system\get-status-updates.php(64): mysqli_query(Object(mysqli), '\r\n        SELEC...')
#1 {main}
  thrown in C:\laragon\www\online-clearance-system\get-status-updates.php on line 64
[31-Aug-2026 21:02:08 UTC] PHP Fatal error:  Uncaught mysqli_sql_exception: Unknown column 'cs.department_name' in 'where clause' in C:\laragon\www\online-clearance-system\get-status-updates.php:64
Stack trace:
#0 C:\laragon\www\online-clearance-system\get-status-updates.php(64): mysqli_query(Object(mysqli), '\r\n        SELEC...')
#1 {main}
  thrown in C:\laragon\www\online-clearance-system\get-status-updates.php on line 64
[31-Aug-2026 21:02:18 UTC] PHP Fatal error:  Uncaught mysqli_sql_exception: Unknown column 'cs.department_name' in 'where clause' in C:\laragon\www\online-clearance-system\get-status-updates.php:64
Stack trace:
#0 C:\laragon\www\online-clearance-system\get-status-updates.php(64): mysqli_query(Object(mysqli), '\r\n        SELEC...')
#1 {main}
  thrown in C:\laragon\www\online-clearance-system\get-status-updates.php on line 64
[31-Aug-2026 21:02:28 UTC] PHP Fatal error:  Uncaught mysqli_sql_exception: Unknown column 'cs.department_name' in 'where clause' in C:\laragon\www\online-clearance-system\get-status-updates.php:64
Stack trace:
#0 C:\laragon\www\online-clearance-system\get-status-updates.php(64): mysqli_query(Object(mysqli), '\r\n        SELEC...')
#1 {main}
  thrown in C:\laragon\www\online-clearance-system\get-status-updates.php on line 64
[31-Aug-2026 21:02:38 UTC] PHP Fatal error:  Uncaught mysqli_sql_exception: Unknown column 'cs.department_name' in 'where clause' in C:\laragon\www\online-clearance-system\get-status-updates.php:64
Stack trace:
#0 C:\laragon\www\online-clearance-system\get-status-updates.php(64): mysqli_query(Object(mysqli), '\r\n        SELEC...')
#1 {main}
  thrown in C:\laragon\www\online-clearance-system\get-status-updates.php on line 64
[31-Aug-2026 21:02:48 UTC] PHP Fatal error:  Uncaught mysqli_sql_exception: Unknown column 'cs.department_name' in 'where clause' in C:\laragon\www\online-clearance-system\get-status-updates.php:64
Stack trace:
#0 C:\laragon\www\online-clearance-system\get-status-updates.php(64): mysqli_query(Object(mysqli), '\r\n        SELEC...')
#1 {main}
  thrown in C:\laragon\www\online-clearance-system\get-status-updates.php on line 64
[31-Aug-2026 21:02:51 UTC] PHP Fatal error:  Uncaught mysqli_sql_exception: Unknown column 'cs.department_name' in 'where clause' in C:\laragon\www\online-clearance-system\get-status-updates.php:64
Stack trace:
#0 C:\laragon\www\online-clearance-system\get-status-updates.php(64): mysqli_query(Object(mysqli), '\r\n        SELEC...')
#1 {main}
  thrown in C:\laragon\www\online-clearance-system\get-status-updates.php on line 64
[31-Aug-2026 21:02:58 UTC] PHP Fatal error:  Uncaught mysqli_sql_exception: Unknown column 'cs.department_name' in 'where clause' in C:\laragon\www\online-clearance-system\get-status-updates.php:64
Stack trace:
#0 C:\laragon\www\online-clearance-system\get-status-updates.php(64): mysqli_query(Object(mysqli), '\r\n        SELEC...')
#1 {main}
  thrown in C:\laragon\www\online-clearance-system\get-status-updates.php on line 64
[31-Aug-2026 21:03:08 UTC] PHP Fatal error:  Uncaught mysqli_sql_exception: Unknown column 'cs.department_name' in 'where clause' in C:\laragon\www\online-clearance-system\get-status-updates.php:64
Stack trace:
#0 C:\laragon\www\online-clearance-system\get-status-updates.php(64): mysqli_query(Object(mysqli), '\r\n        SELEC...')
#1 {main}
  thrown in C:\laragon\www\online-clearance-system\get-status-updates.php on line 64
[31-Aug-2026 21:03:18 UTC] PHP Fatal error:  Uncaught mysqli_sql_exception: Unknown column 'cs.department_name' in 'where clause' in C:\laragon\www\online-clearance-system\get-status-updates.php:64
Stack trace:
#0 C:\laragon\www\online-clearance-system\get-status-updates.php(64): mysqli_query(Object(mysqli), '\r\n        SELEC...')
#1 {main}
  thrown in C:\laragon\www\online-clearance-system\get-status-updates.php on line 64
[31-Aug-2026 21:03:28 UTC] PHP Fatal error:  Uncaught mysqli_sql_exception: Unknown column 'cs.department_name' in 'where clause' in C:\laragon\www\online-clearance-system\get-status-updates.php:64
Stack trace:
#0 C:\laragon\www\online-clearance-system\get-status-updates.php(64): mysqli_query(Object(mysqli), '\r\n        SELEC...')
#1 {main}
  thrown in C:\laragon\www\online-clearance-system\get-status-updates.php on line 64
[31-Aug-2026 21:03:38 UTC] PHP Fatal error:  Uncaught mysqli_sql_exception: Unknown column 'cs.department_name' in 'where clause' in C:\laragon\www\online-clearance-system\get-status-updates.php:64
Stack trace:
#0 C:\laragon\www\online-clearance-system\get-status-updates.php(64): mysqli_query(Object(mysqli), '\r\n        SELEC...')
#1 {main}
  thrown in C:\laragon\www\online-clearance-system\get-status-updates.php on line 64
[31-Aug-2026 21:03:48 UTC] PHP Fatal error:  Uncaught mysqli_sql_exception: Unknown column 'cs.department_name' in 'where clause' in C:\laragon\www\online-clearance-system\get-status-updates.php:64
Stack trace:
#0 C:\laragon\www\online-clearance-system\get-status-updates.php(64): mysqli_query(Object(mysqli), '\r\n        SELEC...')
#1 {main}
  thrown in C:\laragon\www\online-clearance-system\get-status-updates.php on line 64
[31-Aug-2026 21:03:51 UTC] PHP Fatal error:  Uncaught mysqli_sql_exception: Unknown column 'cs.department_name' in 'where clause' in C:\laragon\www\online-clearance-system\get-status-updates.php:64
Stack trace:
#0 C:\laragon\www\online-clearance-system\get-status-updates.php(64): mysqli_query(Object(mysqli), '\r\n        SELEC...')
#1 {main}
  thrown in C:\laragon\www\online-clearance-system\get-status-updates.php on line 64
[31-Aug-2026 21:03:58 UTC] PHP Fatal error:  Uncaught mysqli_sql_exception: Unknown column 'cs.department_name' in 'where clause' in C:\laragon\www\online-clearance-system\get-status-updates.php:64
Stack trace:
#0 C:\laragon\www\online-clearance-system\get-status-updates.php(64): mysqli_query(Object(mysqli), '\r\n        SELEC...')
#1 {main}
  thrown in C:\laragon\www\online-clearance-system\get-status-updates.php on line 64
[31-Aug-2026 21:04:08 UTC] PHP Fatal error:  Uncaught mysqli_sql_exception: Unknown column 'cs.department_name' in 'where clause' in C:\laragon\www\online-clearance-system\get-status-updates.php:64
Stack trace:
#0 C:\laragon\www\online-clearance-system\get-status-updates.php(64): mysqli_query(Object(mysqli), '\r\n        SELEC...')
#1 {main}
  thrown in C:\laragon\www\online-clearance-system\get-status-updates.php on line 64
[31-Aug-2026 21:04:18 UTC] PHP Fatal error:  Uncaught mysqli_sql_exception: Unknown column 'cs.department_name' in 'where clause' in C:\laragon\www\online-clearance-system\get-status-updates.php:64
Stack trace:
#0 C:\laragon\www\online-clearance-system\get-status-updates.php(64): mysqli_query(Object(mysqli), '\r\n        SELEC...')
#1 {main}
  thrown in C:\laragon\www\online-clearance-system\get-status-updates.php on line 64
[31-Aug-2026 21:04:28 UTC] PHP Fatal error:  Uncaught mysqli_sql_exception: Unknown column 'cs.department_name' in 'where clause' in C:\laragon\www\online-clearance-system\get-status-updates.php:64
Stack trace:
#0 C:\laragon\www\online-clearance-system\get-status-updates.php(64): mysqli_query(Object(mysqli), '\r\n        SELEC...')
#1 {main}
  thrown in C:\laragon\www\online-clearance-system\get-status-updates.php on line 64
[31-Aug-2026 21:04:38 UTC] PHP Fatal error:  Uncaught mysqli_sql_exception: Unknown column 'cs.department_name' in 'where clause' in C:\laragon\www\online-clearance-system\get-status-updates.php:64
Stack trace:
#0 C:\laragon\www\online-clearance-system\get-status-updates.php(64): mysqli_query(Object(mysqli), '\r\n        SELEC...')
#1 {main}
  thrown in C:\laragon\www\online-clearance-system\get-status-updates.php on line 64
[31-Aug-2026 21:04:51 UTC] PHP Fatal error:  Uncaught mysqli_sql_exception: Unknown column 'cs.department_name' in 'where clause' in C:\laragon\www\online-clearance-system\get-status-updates.php:64
Stack trace:
#0 C:\laragon\www\online-clearance-system\get-status-updates.php(64): mysqli_query(Object(mysqli), '\r\n        SELEC...')
#1 {main}
  thrown in C:\laragon\www\online-clearance-system\get-status-updates.php on line 64
[31-Aug-2026 21:04:51 UTC] PHP Fatal error:  Uncaught mysqli_sql_exception: Unknown column 'cs.department_name' in 'where clause' in C:\laragon\www\online-clearance-system\get-status-updates.php:64
Stack trace:
#0 C:\laragon\www\online-clearance-system\get-status-updates.php(64): mysqli_query(Object(mysqli), '\r\n        SELEC...')
#1 {main}
  thrown in C:\laragon\www\online-clearance-system\get-status-updates.php on line 64
[31-Aug-2026 21:05:51 UTC] PHP Fatal error:  Uncaught mysqli_sql_exception: Unknown column 'cs.department_name' in 'where clause' in C:\laragon\www\online-clearance-system\get-status-updates.php:64
Stack trace:
#0 C:\laragon\www\online-clearance-system\get-status-updates.php(64): mysqli_query(Object(mysqli), '\r\n        SELEC...')
#1 {main}
  thrown in C:\laragon\www\online-clearance-system\get-status-updates.php on line 64
[31-Aug-2026 21:05:51 UTC] PHP Fatal error:  Uncaught mysqli_sql_exception: Unknown column 'cs.department_name' in 'where clause' in C:\laragon\www\online-clearance-system\get-status-updates.php:64
Stack trace:
#0 C:\laragon\www\online-clearance-system\get-status-updates.php(64): mysqli_query(Object(mysqli), '\r\n        SELEC...')
#1 {main}
  thrown in C:\laragon\www\online-clearance-system\get-status-updates.php on line 64
[31-Aug-2026 21:06:51 UTC] PHP Fatal error:  Uncaught mysqli_sql_exception: Unknown column 'cs.department_name' in 'where clause' in C:\laragon\www\online-clearance-system\get-status-updates.php:64
Stack trace:
#0 C:\laragon\www\online-clearance-system\get-status-updates.php(64): mysqli_query(Object(mysqli), '\r\n        SELEC...')
#1 {main}
  thrown in C:\laragon\www\online-clearance-system\get-status-updates.php on line 64
[31-Aug-2026 21:06:51 UTC] PHP Fatal error:  Uncaught mysqli_sql_exception: Unknown column 'cs.department_name' in 'where clause' in C:\laragon\www\online-clearance-system\get-status-updates.php:64
Stack trace:
#0 C:\laragon\www\online-clearance-system\get-status-updates.php(64): mysqli_query(Object(mysqli), '\r\n        SELEC...')
#1 {main}
  thrown in C:\laragon\www\online-clearance-system\get-status-updates.php on line 64
[31-Aug-2026 21:07:51 UTC] PHP Fatal error:  Uncaught mysqli_sql_exception: Unknown column 'cs.department_name' in 'where clause' in C:\laragon\www\online-clearance-system\get-status-updates.php:64
Stack trace:
#0 C:\laragon\www\online-clearance-system\get-status-updates.php(64): mysqli_query(Object(mysqli), '\r\n        SELEC...')
#1 {main}
  thrown in C:\laragon\www\online-clearance-system\get-status-updates.php on line 64
[31-Aug-2026 21:07:51 UTC] PHP Fatal error:  Uncaught mysqli_sql_exception: Unknown column 'cs.department_name' in 'where clause' in C:\laragon\www\online-clearance-system\get-status-updates.php:64
Stack trace:
#0 C:\laragon\www\online-clearance-system\get-status-updates.php(64): mysqli_query(Object(mysqli), '\r\n        SELEC...')
#1 {main}
  thrown in C:\laragon\www\online-clearance-system\get-status-updates.php on line 64
[31-Aug-2026 21:08:51 UTC] PHP Fatal error:  Uncaught mysqli_sql_exception: Unknown column 'cs.department_name' in 'where clause' in C:\laragon\www\online-clearance-system\get-status-updates.php:64
Stack trace:
#0 C:\laragon\www\online-clearance-system\get-status-updates.php(64): mysqli_query(Object(mysqli), '\r\n        SELEC...')
#1 {main}
  thrown in C:\laragon\www\online-clearance-system\get-status-updates.php on line 64
[31-Aug-2026 21:08:51 UTC] PHP Fatal error:  Uncaught mysqli_sql_exception: Unknown column 'cs.department_name' in 'where clause' in C:\laragon\www\online-clearance-system\get-status-updates.php:64
Stack trace:
#0 C:\laragon\www\online-clearance-system\get-status-updates.php(64): mysqli_query(Object(mysqli), '\r\n        SELEC...')
#1 {main}
  thrown in C:\laragon\www\online-clearance-system\get-status-updates.php on line 64
[31-Aug-2026 21:09:51 UTC] PHP Fatal error:  Uncaught mysqli_sql_exception: Unknown column 'cs.department_name' in 'where clause' in C:\laragon\www\online-clearance-system\get-status-updates.php:64
Stack trace:
#0 C:\laragon\www\online-clearance-system\get-status-updates.php(64): mysqli_query(Object(mysqli), '\r\n        SELEC...')
#1 {main}
  thrown in C:\laragon\www\online-clearance-system\get-status-updates.php on line 64
[31-Aug-2026 21:09:51 UTC] PHP Fatal error:  Uncaught mysqli_sql_exception: Unknown column 'cs.department_name' in 'where clause' in C:\laragon\www\online-clearance-system\get-status-updates.php:64
Stack trace:
#0 C:\laragon\www\online-clearance-system\get-status-updates.php(64): mysqli_query(Object(mysqli), '\r\n        SELEC...')
#1 {main}
  thrown in C:\laragon\www\online-clearance-system\get-status-updates.php on line 64
[31-Aug-2026 21:10:51 UTC] PHP Fatal error:  Uncaught mysqli_sql_exception: Unknown column 'cs.department_name' in 'where clause' in C:\laragon\www\online-clearance-system\get-status-updates.php:64
Stack trace:
#0 C:\laragon\www\online-clearance-system\get-status-updates.php(64): mysqli_query(Object(mysqli), '\r\n        SELEC...')
#1 {main}
  thrown in C:\laragon\www\online-clearance-system\get-status-updates.php on line 64
[31-Aug-2026 21:10:51 UTC] PHP Fatal error:  Uncaught mysqli_sql_exception: Unknown column 'cs.department_name' in 'where clause' in C:\laragon\www\online-clearance-system\get-status-updates.php:64
Stack trace:
#0 C:\laragon\www\online-clearance-system\get-status-updates.php(64): mysqli_query(Object(mysqli), '\r\n        SELEC...')
#1 {main}
  thrown in C:\laragon\www\online-clearance-system\get-status-updates.php on line 64
[31-Aug-2026 21:11:51 UTC] PHP Fatal error:  Uncaught mysqli_sql_exception: Unknown column 'cs.department_name' in 'where clause' in C:\laragon\www\online-clearance-system\get-status-updates.php:64
Stack trace:
#0 C:\laragon\www\online-clearance-system\get-status-updates.php(64): mysqli_query(Object(mysqli), '\r\n        SELEC...')
#1 {main}
  thrown in C:\laragon\www\online-clearance-system\get-status-updates.php on line 64
[31-Aug-2026 21:11:51 UTC] PHP Fatal error:  Uncaught mysqli_sql_exception: Unknown column 'cs.department_name' in 'where clause' in C:\laragon\www\online-clearance-system\get-status-updates.php:64
Stack trace:
#0 C:\laragon\www\online-clearance-system\get-status-updates.php(64): mysqli_query(Object(mysqli), '\r\n        SELEC...')
#1 {main}
  thrown in C:\laragon\www\online-clearance-system\get-status-updates.php on line 64
[31-Aug-2026 21:12:51 UTC] PHP Fatal error:  Uncaught mysqli_sql_exception: Unknown column 'cs.department_name' in 'where clause' in C:\laragon\www\online-clearance-system\get-status-updates.php:64
Stack trace:
#0 C:\laragon\www\online-clearance-system\get-status-updates.php(64): mysqli_query(Object(mysqli), '\r\n        SELEC...')
#1 {main}
  thrown in C:\laragon\www\online-clearance-system\get-status-updates.php on line 64
[31-Aug-2026 21:12:51 UTC] PHP Fatal error:  Uncaught mysqli_sql_exception: Unknown column 'cs.department_name' in 'where clause' in C:\laragon\www\online-clearance-system\get-status-updates.php:64
Stack trace:
#0 C:\laragon\www\online-clearance-system\get-status-updates.php(64): mysqli_query(Object(mysqli), '\r\n        SELEC...')
#1 {main}
  thrown in C:\laragon\www\online-clearance-system\get-status-updates.php on line 64
[02-Sep-2026 13:08:42 UTC] Password reset email sent to abdulrazakabdullaziz9@gmail.com: Success
[02-Sep-2026 13:09:12 UTC] Password reset email sent to abdulrazakabdullaziz9@gmail.com: Success
[17-Sep-2026 06:54:45 UTC] PHP Fatal error:  Uncaught mysqli_sql_exception: Unknown column 'cs.department_name' in 'where clause' in C:\laragon\www\online-clearance-system\get-status-updates.php:64
Stack trace:
#0 C:\laragon\www\online-clearance-system\get-status-updates.php(64): mysqli_query(Object(mysqli), '\r\n        SELEC...')
#1 {main}
  thrown in C:\laragon\www\online-clearance-system\get-status-updates.php on line 64
[17-Sep-2026 06:54:55 UTC] PHP Fatal error:  Uncaught mysqli_sql_exception: Unknown column 'cs.department_name' in 'where clause' in C:\laragon\www\online-clearance-system\get-status-updates.php:64
Stack trace:
#0 C:\laragon\www\online-clearance-system\get-status-updates.php(64): mysqli_query(Object(mysqli), '\r\n        SELEC...')
#1 {main}
  thrown in C:\laragon\www\online-clearance-system\get-status-updates.php on line 64
[17-Sep-2026 06:55:05 UTC] PHP Fatal error:  Uncaught mysqli_sql_exception: Unknown column 'cs.department_name' in 'where clause' in C:\laragon\www\online-clearance-system\get-status-updates.php:64
Stack trace:
#0 C:\laragon\www\online-clearance-system\get-status-updates.php(64): mysqli_query(Object(mysqli), '\r\n        SELEC...')
#1 {main}
  thrown in C:\laragon\www\online-clearance-system\get-status-updates.php on line 64
[17-Sep-2026 06:55:15 UTC] PHP Fatal error:  Uncaught mysqli_sql_exception: Unknown column 'cs.department_name' in 'where clause' in C:\laragon\www\online-clearance-system\get-status-updates.php:64
Stack trace:
#0 C:\laragon\www\online-clearance-system\get-status-updates.php(64): mysqli_query(Object(mysqli), '\r\n        SELEC...')
#1 {main}
  thrown in C:\laragon\www\online-clearance-system\get-status-updates.php on line 64
[17-Sep-2026 06:55:25 UTC] PHP Fatal error:  Uncaught mysqli_sql_exception: Unknown column 'cs.department_name' in 'where clause' in C:\laragon\www\online-clearance-system\get-status-updates.php:64
Stack trace:
#0 C:\laragon\www\online-clearance-system\get-status-updates.php(64): mysqli_query(Object(mysqli), '\r\n        SELEC...')
#1 {main}
  thrown in C:\laragon\www\online-clearance-system\get-status-updates.php on line 64
[17-Sep-2026 07:10:21 UTC] PHP Fatal error:  Uncaught mysqli_sql_exception: Unknown column 'cs1.department_name' in 'where clause' in C:\laragon\www\online-clearance-system\get-status-updates.php:76
Stack trace:
#0 C:\laragon\www\online-clearance-system\get-status-updates.php(76): mysqli_query(Object(mysqli), '\r\n        SELEC...')
#1 {main}
  thrown in C:\laragon\www\online-clearance-system\get-status-updates.php on line 76
[17-Sep-2026 07:10:31 UTC] PHP Fatal error:  Uncaught mysqli_sql_exception: Unknown column 'cs1.department_name' in 'where clause' in C:\laragon\www\online-clearance-system\get-status-updates.php:76
Stack trace:
#0 C:\laragon\www\online-clearance-system\get-status-updates.php(76): mysqli_query(Object(mysqli), '\r\n        SELEC...')
#1 {main}
  thrown in C:\laragon\www\online-clearance-system\get-status-updates.php on line 76
[17-Sep-2026 07:10:41 UTC] PHP Fatal error:  Uncaught mysqli_sql_exception: Unknown column 'cs1.department_name' in 'where clause' in C:\laragon\www\online-clearance-system\get-status-updates.php:76
Stack trace:
#0 C:\laragon\www\online-clearance-system\get-status-updates.php(76): mysqli_query(Object(mysqli), '\r\n        SELEC...')
#1 {main}
  thrown in C:\laragon\www\online-clearance-system\get-status-updates.php on line 76
[17-Sep-2026 07:10:51 UTC] PHP Fatal error:  Uncaught mysqli_sql_exception: Unknown column 'cs1.department_name' in 'where clause' in C:\laragon\www\online-clearance-system\get-status-updates.php:76
Stack trace:
#0 C:\laragon\www\online-clearance-system\get-status-updates.php(76): mysqli_query(Object(mysqli), '\r\n        SELEC...')
#1 {main}
  thrown in C:\laragon\www\online-clearance-system\get-status-updates.php on line 76
[17-Sep-2026 07:11:01 UTC] PHP Fatal error:  Uncaught mysqli_sql_exception: Unknown column 'cs1.department_name' in 'where clause' in C:\laragon\www\online-clearance-system\get-status-updates.php:76
Stack trace:
#0 C:\laragon\www\online-clearance-system\get-status-updates.php(76): mysqli_query(Object(mysqli), '\r\n        SELEC...')
#1 {main}
  thrown in C:\laragon\www\online-clearance-system\get-status-updates.php on line 76
[17-Sep-2026 07:11:11 UTC] PHP Fatal error:  Uncaught mysqli_sql_exception: Unknown column 'cs1.department_name' in 'where clause' in C:\laragon\www\online-clearance-system\get-status-updates.php:76
Stack trace:
#0 C:\laragon\www\online-clearance-system\get-status-updates.php(76): mysqli_query(Object(mysqli), '\r\n        SELEC...')
#1 {main}
  thrown in C:\laragon\www\online-clearance-system\get-status-updates.php on line 76
[17-Sep-2026 07:12:35 UTC] PHP Fatal error:  Uncaught mysqli_sql_exception: Unknown column 'cs1.department_name' in 'where clause' in C:\laragon\www\online-clearance-system\get-status-updates.php:76
Stack trace:
#0 C:\laragon\www\online-clearance-system\get-status-updates.php(76): mysqli_query(Object(mysqli), '\r\n        SELEC...')
#1 {main}
  thrown in C:\laragon\www\online-clearance-system\get-status-updates.php on line 76
[17-Sep-2026 07:12:45 UTC] PHP Fatal error:  Uncaught mysqli_sql_exception: Unknown column 'cs1.department_name' in 'where clause' in C:\laragon\www\online-clearance-system\get-status-updates.php:76
Stack trace:
#0 C:\laragon\www\online-clearance-system\get-status-updates.php(76): mysqli_query(Object(mysqli), '\r\n        SELEC...')
#1 {main}
  thrown in C:\laragon\www\online-clearance-system\get-status-updates.php on line 76
[17-Sep-2026 07:12:55 UTC] PHP Fatal error:  Uncaught mysqli_sql_exception: Unknown column 'cs1.department_name' in 'where clause' in C:\laragon\www\online-clearance-system\get-status-updates.php:76
Stack trace:
#0 C:\laragon\www\online-clearance-system\get-status-updates.php(76): mysqli_query(Object(mysqli), '\r\n        SELEC...')
#1 {main}
  thrown in C:\laragon\www\online-clearance-system\get-status-updates.php on line 76
[17-Sep-2026 07:13:05 UTC] PHP Fatal error:  Uncaught mysqli_sql_exception: Unknown column 'cs1.department_name' in 'where clause' in C:\laragon\www\online-clearance-system\get-status-updates.php:76
Stack trace:
#0 C:\laragon\www\online-clearance-system\get-status-updates.php(76): mysqli_query(Object(mysqli), '\r\n        SELEC...')
#1 {main}
  thrown in C:\laragon\www\online-clearance-system\get-status-updates.php on line 76
[17-Sep-2026 07:13:16 UTC] PHP Fatal error:  Uncaught mysqli_sql_exception: Unknown column 'cs1.department_name' in 'where clause' in C:\laragon\www\online-clearance-system\get-status-updates.php:76
Stack trace:
#0 C:\laragon\www\online-clearance-system\get-status-updates.php(76): mysqli_query(Object(mysqli), '\r\n        SELEC...')
#1 {main}
  thrown in C:\laragon\www\online-clearance-system\get-status-updates.php on line 76
[17-Sep-2026 07:13:26 UTC] PHP Fatal error:  Uncaught mysqli_sql_exception: Unknown column 'cs1.department_name' in 'where clause' in C:\laragon\www\online-clearance-system\get-status-updates.php:76
Stack trace:
#0 C:\laragon\www\online-clearance-system\get-status-updates.php(76): mysqli_query(Object(mysqli), '\r\n        SELEC...')
#1 {main}
  thrown in C:\laragon\www\online-clearance-system\get-status-updates.php on line 76
[17-Sep-2026 07:13:35 UTC] PHP Fatal error:  Uncaught mysqli_sql_exception: Unknown column 'cs1.department_name' in 'where clause' in C:\laragon\www\online-clearance-system\get-status-updates.php:76
Stack trace:
#0 C:\laragon\www\online-clearance-system\get-status-updates.php(76): mysqli_query(Object(mysqli), '\r\n        SELEC...')
#1 {main}
  thrown in C:\laragon\www\online-clearance-system\get-status-updates.php on line 76
[17-Sep-2026 07:13:45 UTC] PHP Fatal error:  Uncaught mysqli_sql_exception: Unknown column 'cs1.department_name' in 'where clause' in C:\laragon\www\online-clearance-system\get-status-updates.php:76
Stack trace:
#0 C:\laragon\www\online-clearance-system\get-status-updates.php(76): mysqli_query(Object(mysqli), '\r\n        SELEC...')
#1 {main}
  thrown in C:\laragon\www\online-clearance-system\get-status-updates.php on line 76
[17-Sep-2026 07:13:56 UTC] PHP Fatal error:  Uncaught mysqli_sql_exception: Unknown column 'cs1.department_name' in 'where clause' in C:\laragon\www\online-clearance-system\get-status-updates.php:76
Stack trace:
#0 C:\laragon\www\online-clearance-system\get-status-updates.php(76): mysqli_query(Object(mysqli), '\r\n        SELEC...')
#1 {main}
  thrown in C:\laragon\www\online-clearance-system\get-status-updates.php on line 76
[17-Sep-2026 07:14:06 UTC] PHP Fatal error:  Uncaught mysqli_sql_exception: Unknown column 'cs1.department_name' in 'where clause' in C:\laragon\www\online-clearance-system\get-status-updates.php:76
Stack trace:
#0 C:\laragon\www\online-clearance-system\get-status-updates.php(76): mysqli_query(Object(mysqli), '\r\n        SELEC...')
#1 {main}
  thrown in C:\laragon\www\online-clearance-system\get-status-updates.php on line 76
[17-Sep-2026 07:14:16 UTC] PHP Fatal error:  Uncaught mysqli_sql_exception: Unknown column 'cs1.department_name' in 'where clause' in C:\laragon\www\online-clearance-system\get-status-updates.php:76
Stack trace:
#0 C:\laragon\www\online-clearance-system\get-status-updates.php(76): mysqli_query(Object(mysqli), '\r\n        SELEC...')
#1 {main}
  thrown in C:\laragon\www\online-clearance-system\get-status-updates.php on line 76
[17-Sep-2026 07:14:26 UTC] PHP Fatal error:  Uncaught mysqli_sql_exception: Unknown column 'cs1.department_name' in 'where clause' in C:\laragon\www\online-clearance-system\get-status-updates.php:76
Stack trace:
#0 C:\laragon\www\online-clearance-system\get-status-updates.php(76): mysqli_query(Object(mysqli), '\r\n        SELEC...')
#1 {main}
  thrown in C:\laragon\www\online-clearance-system\get-status-updates.php on line 76
[17-Sep-2026 07:14:35 UTC] PHP Fatal error:  Uncaught mysqli_sql_exception: Unknown column 'cs1.department_name' in 'where clause' in C:\laragon\www\online-clearance-system\get-status-updates.php:76
Stack trace:
#0 C:\laragon\www\online-clearance-system\get-status-updates.php(76): mysqli_query(Object(mysqli), '\r\n        SELEC...')
#1 {main}
  thrown in C:\laragon\www\online-clearance-system\get-status-updates.php on line 76
[17-Sep-2026 07:14:45 UTC] PHP Fatal error:  Uncaught mysqli_sql_exception: Unknown column 'cs1.department_name' in 'where clause' in C:\laragon\www\online-clearance-system\get-status-updates.php:76
Stack trace:
#0 C:\laragon\www\online-clearance-system\get-status-updates.php(76): mysqli_query(Object(mysqli), '\r\n        SELEC...')
#1 {main}
  thrown in C:\laragon\www\online-clearance-system\get-status-updates.php on line 76
[17-Sep-2026 07:14:56 UTC] PHP Fatal error:  Uncaught mysqli_sql_exception: Unknown column 'cs1.department_name' in 'where clause' in C:\laragon\www\online-clearance-system\get-status-updates.php:76
Stack trace:
#0 C:\laragon\www\online-clearance-system\get-status-updates.php(76): mysqli_query(Object(mysqli), '\r\n        SELEC...')
#1 {main}
  thrown in C:\laragon\www\online-clearance-system\get-status-updates.php on line 76
[17-Sep-2026 07:15:06 UTC] PHP Fatal error:  Uncaught mysqli_sql_exception: Unknown column 'cs1.department_name' in 'where clause' in C:\laragon\www\online-clearance-system\get-status-updates.php:76
Stack trace:
#0 C:\laragon\www\online-clearance-system\get-status-updates.php(76): mysqli_query(Object(mysqli), '\r\n        SELEC...')
#1 {main}
  thrown in C:\laragon\www\online-clearance-system\get-status-updates.php on line 76
[17-Sep-2026 07:15:16 UTC] PHP Fatal error:  Uncaught mysqli_sql_exception: Unknown column 'cs1.department_name' in 'where clause' in C:\laragon\www\online-clearance-system\get-status-updates.php:76
Stack trace:
#0 C:\laragon\www\online-clearance-system\get-status-updates.php(76): mysqli_query(Object(mysqli), '\r\n        SELEC...')
#1 {main}
  thrown in C:\laragon\www\online-clearance-system\get-status-updates.php on line 76
[17-Sep-2026 07:15:26 UTC] PHP Fatal error:  Uncaught mysqli_sql_exception: Unknown column 'cs1.department_name' in 'where clause' in C:\laragon\www\online-clearance-system\get-status-updates.php:76
Stack trace:
#0 C:\laragon\www\online-clearance-system\get-status-updates.php(76): mysqli_query(Object(mysqli), '\r\n        SELEC...')
#1 {main}
  thrown in C:\laragon\www\online-clearance-system\get-status-updates.php on line 76
[17-Sep-2026 07:15:36 UTC] PHP Fatal error:  Uncaught mysqli_sql_exception: Unknown column 'cs1.department_name' in 'where clause' in C:\laragon\www\online-clearance-system\get-status-updates.php:76
Stack trace:
#0 C:\laragon\www\online-clearance-system\get-status-updates.php(76): mysqli_query(Object(mysqli), '\r\n        SELEC...')
#1 {main}
  thrown in C:\laragon\www\online-clearance-system\get-status-updates.php on line 76
[17-Sep-2026 07:15:46 UTC] PHP Fatal error:  Uncaught mysqli_sql_exception: Unknown column 'cs1.department_name' in 'where clause' in C:\laragon\www\online-clearance-system\get-status-updates.php:76
Stack trace:
#0 C:\laragon\www\online-clearance-system\get-status-updates.php(76): mysqli_query(Object(mysqli), '\r\n        SELEC...')
#1 {main}
  thrown in C:\laragon\www\online-clearance-system\get-status-updates.php on line 76
[17-Sep-2026 07:15:55 UTC] PHP Fatal error:  Uncaught mysqli_sql_exception: Unknown column 'cs1.department_name' in 'where clause' in C:\laragon\www\online-clearance-system\get-status-updates.php:76
Stack trace:
#0 C:\laragon\www\online-clearance-system\get-status-updates.php(76): mysqli_query(Object(mysqli), '\r\n        SELEC...')
#1 {main}
  thrown in C:\laragon\www\online-clearance-system\get-status-updates.php on line 76
[17-Sep-2026 07:16:05 UTC] PHP Fatal error:  Uncaught mysqli_sql_exception: Unknown column 'cs1.department_name' in 'where clause' in C:\laragon\www\online-clearance-system\get-status-updates.php:76
Stack trace:
#0 C:\laragon\www\online-clearance-system\get-status-updates.php(76): mysqli_query(Object(mysqli), '\r\n        SELEC...')
#1 {main}
  thrown in C:\laragon\www\online-clearance-system\get-status-updates.php on line 76
[17-Sep-2026 07:16:16 UTC] PHP Fatal error:  Uncaught mysqli_sql_exception: Unknown column 'cs1.department_name' in 'where clause' in C:\laragon\www\online-clearance-system\get-status-updates.php:76
Stack trace:
#0 C:\laragon\www\online-clearance-system\get-status-updates.php(76): mysqli_query(Object(mysqli), '\r\n        SELEC...')
#1 {main}
  thrown in C:\laragon\www\online-clearance-system\get-status-updates.php on line 76
[17-Sep-2026 07:16:26 UTC] PHP Fatal error:  Uncaught mysqli_sql_exception: Unknown column 'cs1.department_name' in 'where clause' in C:\laragon\www\online-clearance-system\get-status-updates.php:76
Stack trace:
#0 C:\laragon\www\online-clearance-system\get-status-updates.php(76): mysqli_query(Object(mysqli), '\r\n        SELEC...')
#1 {main}
  thrown in C:\laragon\www\online-clearance-system\get-status-updates.php on line 76
[17-Sep-2026 07:16:36 UTC] PHP Fatal error:  Uncaught mysqli_sql_exception: Unknown column 'cs1.department_name' in 'where clause' in C:\laragon\www\online-clearance-system\get-status-updates.php:76
Stack trace:
#0 C:\laragon\www\online-clearance-system\get-status-updates.php(76): mysqli_query(Object(mysqli), '\r\n        SELEC...')
#1 {main}
  thrown in C:\laragon\www\online-clearance-system\get-status-updates.php on line 76
[17-Sep-2026 07:16:46 UTC] PHP Fatal error:  Uncaught mysqli_sql_exception: Unknown column 'cs1.department_name' in 'where clause' in C:\laragon\www\online-clearance-system\get-status-updates.php:76
Stack trace:
#0 C:\laragon\www\online-clearance-system\get-status-updates.php(76): mysqli_query(Object(mysqli), '\r\n        SELEC...')
#1 {main}
  thrown in C:\laragon\www\online-clearance-system\get-status-updates.php on line 76
[17-Sep-2026 07:16:56 UTC] PHP Fatal error:  Uncaught mysqli_sql_exception: Unknown column 'cs1.department_name' in 'where clause' in C:\laragon\www\online-clearance-system\get-status-updates.php:76
Stack trace:
#0 C:\laragon\www\online-clearance-system\get-status-updates.php(76): mysqli_query(Object(mysqli), '\r\n        SELEC...')
#1 {main}
  thrown in C:\laragon\www\online-clearance-system\get-status-updates.php on line 76
[17-Sep-2026 07:17:06 UTC] PHP Fatal error:  Uncaught mysqli_sql_exception: Unknown column 'cs1.department_name' in 'where clause' in C:\laragon\www\online-clearance-system\get-status-updates.php:76
Stack trace:
#0 C:\laragon\www\online-clearance-system\get-status-updates.php(76): mysqli_query(Object(mysqli), '\r\n        SELEC...')
#1 {main}
  thrown in C:\laragon\www\online-clearance-system\get-status-updates.php on line 76
[17-Sep-2026 07:17:16 UTC] PHP Fatal error:  Uncaught mysqli_sql_exception: Unknown column 'cs1.department_name' in 'where clause' in C:\laragon\www\online-clearance-system\get-status-updates.php:76
Stack trace:
#0 C:\laragon\www\online-clearance-system\get-status-updates.php(76): mysqli_query(Object(mysqli), '\r\n        SELEC...')
#1 {main}
  thrown in C:\laragon\www\online-clearance-system\get-status-updates.php on line 76
[17-Sep-2026 07:17:26 UTC] PHP Fatal error:  Uncaught mysqli_sql_exception: Unknown column 'cs1.department_name' in 'where clause' in C:\laragon\www\online-clearance-system\get-status-updates.php:76
Stack trace:
#0 C:\laragon\www\online-clearance-system\get-status-updates.php(76): mysqli_query(Object(mysqli), '\r\n        SELEC...')
#1 {main}
  thrown in C:\laragon\www\online-clearance-system\get-status-updates.php on line 76
[17-Sep-2026 07:17:36 UTC] PHP Fatal error:  Uncaught mysqli_sql_exception: Unknown column 'cs1.department_name' in 'where clause' in C:\laragon\www\online-clearance-system\get-status-updates.php:76
Stack trace:
#0 C:\laragon\www\online-clearance-system\get-status-updates.php(76): mysqli_query(Object(mysqli), '\r\n        SELEC...')
#1 {main}
  thrown in C:\laragon\www\online-clearance-system\get-status-updates.php on line 76
[17-Sep-2026 07:17:46 UTC] PHP Fatal error:  Uncaught mysqli_sql_exception: Unknown column 'cs1.department_name' in 'where clause' in C:\laragon\www\online-clearance-system\get-status-updates.php:76
Stack trace:
#0 C:\laragon\www\online-clearance-system\get-status-updates.php(76): mysqli_query(Object(mysqli), '\r\n        SELEC...')
#1 {main}
  thrown in C:\laragon\www\online-clearance-system\get-status-updates.php on line 76
[17-Sep-2026 07:17:56 UTC] PHP Fatal error:  Uncaught mysqli_sql_exception: Unknown column 'cs1.department_name' in 'where clause' in C:\laragon\www\online-clearance-system\get-status-updates.php:76
Stack trace:
#0 C:\laragon\www\online-clearance-system\get-status-updates.php(76): mysqli_query(Object(mysqli), '\r\n        SELEC...')
#1 {main}
  thrown in C:\laragon\www\online-clearance-system\get-status-updates.php on line 76
[17-Sep-2026 07:18:06 UTC] PHP Fatal error:  Uncaught mysqli_sql_exception: Unknown column 'cs1.department_name' in 'where clause' in C:\laragon\www\online-clearance-system\get-status-updates.php:76
Stack trace:
#0 C:\laragon\www\online-clearance-system\get-status-updates.php(76): mysqli_query(Object(mysqli), '\r\n        SELEC...')
#1 {main}
  thrown in C:\laragon\www\online-clearance-system\get-status-updates.php on line 76
[17-Sep-2026 07:18:16 UTC] PHP Fatal error:  Uncaught mysqli_sql_exception: Unknown column 'cs1.department_name' in 'where clause' in C:\laragon\www\online-clearance-system\get-status-updates.php:76
Stack trace:
#0 C:\laragon\www\online-clearance-system\get-status-updates.php(76): mysqli_query(Object(mysqli), '\r\n        SELEC...')
#1 {main}
  thrown in C:\laragon\www\online-clearance-system\get-status-updates.php on line 76
[17-Sep-2026 07:18:26 UTC] PHP Fatal error:  Uncaught mysqli_sql_exception: Unknown column 'cs1.department_name' in 'where clause' in C:\laragon\www\online-clearance-system\get-status-updates.php:76
Stack trace:
#0 C:\laragon\www\online-clearance-system\get-status-updates.php(76): mysqli_query(Object(mysqli), '\r\n        SELEC...')
#1 {main}
  thrown in C:\laragon\www\online-clearance-system\get-status-updates.php on line 76
[17-Sep-2026 07:18:36 UTC] PHP Fatal error:  Uncaught mysqli_sql_exception: Unknown column 'cs1.department_name' in 'where clause' in C:\laragon\www\online-clearance-system\get-status-updates.php:76
Stack trace:
#0 C:\laragon\www\online-clearance-system\get-status-updates.php(76): mysqli_query(Object(mysqli), '\r\n        SELEC...')
#1 {main}
  thrown in C:\laragon\www\online-clearance-system\get-status-updates.php on line 76
[17-Sep-2026 07:18:58 UTC] Mail Error: SMTP Error: Could not connect to SMTP host. Failed to connect to server SMTP server error: Failed to connect to server SMTP code: 10060 Additional SMTP info: A connection attempt failed because the connected party did not properly respond after a period of time, or established connection failed because connected host has failed to respond
[17-Sep-2026 07:19:32 UTC] PHP Fatal error:  Uncaught mysqli_sql_exception: Unknown column 'cs1.department_name' in 'where clause' in C:\laragon\www\online-clearance-system\get-status-updates.php:76
Stack trace:
#0 C:\laragon\www\online-clearance-system\get-status-updates.php(76): mysqli_query(Object(mysqli), '\r\n        SELEC...')
#1 {main}
  thrown in C:\laragon\www\online-clearance-system\get-status-updates.php on line 76
[17-Sep-2026 07:19:57 UTC] PHP Fatal error:  Uncaught mysqli_sql_exception: Unknown column 'cs1.department_name' in 'where clause' in C:\laragon\www\online-clearance-system\get-status-updates.php:76
Stack trace:
#0 C:\laragon\www\online-clearance-system\get-status-updates.php(76): mysqli_query(Object(mysqli), '\r\n        SELEC...')
#1 {main}
  thrown in C:\laragon\www\online-clearance-system\get-status-updates.php on line 76
[17-Sep-2026 07:20:06 UTC] PHP Fatal error:  Uncaught mysqli_sql_exception: Unknown column 'cs1.department_name' in 'where clause' in C:\laragon\www\online-clearance-system\get-status-updates.php:76
Stack trace:
#0 C:\laragon\www\online-clearance-system\get-status-updates.php(76): mysqli_query(Object(mysqli), '\r\n        SELEC...')
#1 {main}
  thrown in C:\laragon\www\online-clearance-system\get-status-updates.php on line 76
[17-Sep-2026 07:20:16 UTC] PHP Fatal error:  Uncaught mysqli_sql_exception: Unknown column 'cs1.department_name' in 'where clause' in C:\laragon\www\online-clearance-system\get-status-updates.php:76
Stack trace:
#0 C:\laragon\www\online-clearance-system\get-status-updates.php(76): mysqli_query(Object(mysqli), '\r\n        SELEC...')
#1 {main}
  thrown in C:\laragon\www\online-clearance-system\get-status-updates.php on line 76
[17-Sep-2026 07:20:26 UTC] PHP Fatal error:  Uncaught mysqli_sql_exception: Unknown column 'cs1.department_name' in 'where clause' in C:\laragon\www\online-clearance-system\get-status-updates.php:76
Stack trace:
#0 C:\laragon\www\online-clearance-system\get-status-updates.php(76): mysqli_query(Object(mysqli), '\r\n        SELEC...')
#1 {main}
  thrown in C:\laragon\www\online-clearance-system\get-status-updates.php on line 76
[17-Sep-2026 07:20:36 UTC] PHP Fatal error:  Uncaught mysqli_sql_exception: Unknown column 'cs1.department_name' in 'where clause' in C:\laragon\www\online-clearance-system\get-status-updates.php:76
Stack trace:
#0 C:\laragon\www\online-clearance-system\get-status-updates.php(76): mysqli_query(Object(mysqli), '\r\n        SELEC...')
#1 {main}
  thrown in C:\laragon\www\online-clearance-system\get-status-updates.php on line 76
[17-Sep-2026 07:20:46 UTC] PHP Fatal error:  Uncaught mysqli_sql_exception: Unknown column 'cs1.department_name' in 'where clause' in C:\laragon\www\online-clearance-system\get-status-updates.php:76
Stack trace:
#0 C:\laragon\www\online-clearance-system\get-status-updates.php(76): mysqli_query(Object(mysqli), '\r\n        SELEC...')
#1 {main}
  thrown in C:\laragon\www\online-clearance-system\get-status-updates.php on line 76
[17-Sep-2026 07:20:56 UTC] PHP Fatal error:  Uncaught mysqli_sql_exception: Unknown column 'cs1.department_name' in 'where clause' in C:\laragon\www\online-clearance-system\get-status-updates.php:76
Stack trace:
#0 C:\laragon\www\online-clearance-system\get-status-updates.php(76): mysqli_query(Object(mysqli), '\r\n        SELEC...')
#1 {main}
  thrown in C:\laragon\www\online-clearance-system\get-status-updates.php on line 76
[17-Sep-2026 07:21:06 UTC] PHP Fatal error:  Uncaught mysqli_sql_exception: Unknown column 'cs1.department_name' in 'where clause' in C:\laragon\www\online-clearance-system\get-status-updates.php:76
Stack trace:
#0 C:\laragon\www\online-clearance-system\get-status-updates.php(76): mysqli_query(Object(mysqli), '\r\n        SELEC...')
#1 {main}
  thrown in C:\laragon\www\online-clearance-system\get-status-updates.php on line 76
[17-Sep-2026 07:21:15 UTC] PHP Fatal error:  Uncaught mysqli_sql_exception: Unknown column 'cs1.department_name' in 'where clause' in C:\laragon\www\online-clearance-system\get-status-updates.php:76
Stack trace:
#0 C:\laragon\www\online-clearance-system\get-status-updates.php(76): mysqli_query(Object(mysqli), '\r\n        SELEC...')
#1 {main}
  thrown in C:\laragon\www\online-clearance-system\get-status-updates.php on line 76
[17-Sep-2026 07:21:26 UTC] PHP Fatal error:  Uncaught mysqli_sql_exception: Unknown column 'cs1.department_name' in 'where clause' in C:\laragon\www\online-clearance-system\get-status-updates.php:76
Stack trace:
#0 C:\laragon\www\online-clearance-system\get-status-updates.php(76): mysqli_query(Object(mysqli), '\r\n        SELEC...')
#1 {main}
  thrown in C:\laragon\www\online-clearance-system\get-status-updates.php on line 76
[17-Sep-2026 07:21:36 UTC] PHP Fatal error:  Uncaught mysqli_sql_exception: Unknown column 'cs1.department_name' in 'where clause' in C:\laragon\www\online-clearance-system\get-status-updates.php:76
Stack trace:
#0 C:\laragon\www\online-clearance-system\get-status-updates.php(76): mysqli_query(Object(mysqli), '\r\n        SELEC...')
#1 {main}
  thrown in C:\laragon\www\online-clearance-system\get-status-updates.php on line 76
[17-Sep-2026 07:21:46 UTC] PHP Fatal error:  Uncaught mysqli_sql_exception: Unknown column 'cs1.department_name' in 'where clause' in C:\laragon\www\online-clearance-system\get-status-updates.php:76
Stack trace:
#0 C:\laragon\www\online-clearance-system\get-status-updates.php(76): mysqli_query(Object(mysqli), '\r\n        SELEC...')
#1 {main}
  thrown in C:\laragon\www\online-clearance-system\get-status-updates.php on line 76
[17-Sep-2026 07:21:56 UTC] PHP Fatal error:  Uncaught mysqli_sql_exception: Unknown column 'cs1.department_name' in 'where clause' in C:\laragon\www\online-clearance-system\get-status-updates.php:76
Stack trace:
#0 C:\laragon\www\online-clearance-system\get-status-updates.php(76): mysqli_query(Object(mysqli), '\r\n        SELEC...')
#1 {main}
  thrown in C:\laragon\www\online-clearance-system\get-status-updates.php on line 76
[17-Sep-2026 07:22:06 UTC] PHP Fatal error:  Uncaught mysqli_sql_exception: Unknown column 'cs1.department_name' in 'where clause' in C:\laragon\www\online-clearance-system\get-status-updates.php:76
Stack trace:
#0 C:\laragon\www\online-clearance-system\get-status-updates.php(76): mysqli_query(Object(mysqli), '\r\n        SELEC...')
#1 {main}
  thrown in C:\laragon\www\online-clearance-system\get-status-updates.php on line 76
[17-Sep-2026 07:22:15 UTC] PHP Fatal error:  Uncaught mysqli_sql_exception: Unknown column 'cs1.department_name' in 'where clause' in C:\laragon\www\online-clearance-system\get-status-updates.php:76
Stack trace:
#0 C:\laragon\www\online-clearance-system\get-status-updates.php(76): mysqli_query(Object(mysqli), '\r\n        SELEC...')
#1 {main}
  thrown in C:\laragon\www\online-clearance-system\get-status-updates.php on line 76
[17-Sep-2026 07:22:26 UTC] PHP Fatal error:  Uncaught mysqli_sql_exception: Unknown column 'cs1.department_name' in 'where clause' in C:\laragon\www\online-clearance-system\get-status-updates.php:76
Stack trace:
#0 C:\laragon\www\online-clearance-system\get-status-updates.php(76): mysqli_query(Object(mysqli), '\r\n        SELEC...')
#1 {main}
  thrown in C:\laragon\www\online-clearance-system\get-status-updates.php on line 76
[17-Sep-2026 07:22:36 UTC] PHP Fatal error:  Uncaught mysqli_sql_exception: Unknown column 'cs1.department_name' in 'where clause' in C:\laragon\www\online-clearance-system\get-status-updates.php:76
Stack trace:
#0 C:\laragon\www\online-clearance-system\get-status-updates.php(76): mysqli_query(Object(mysqli), '\r\n        SELEC...')
#1 {main}
  thrown in C:\laragon\www\online-clearance-system\get-status-updates.php on line 76
[17-Sep-2026 07:22:46 UTC] PHP Fatal error:  Uncaught mysqli_sql_exception: Unknown column 'cs1.department_name' in 'where clause' in C:\laragon\www\online-clearance-system\get-status-updates.php:76
Stack trace:
#0 C:\laragon\www\online-clearance-system\get-status-updates.php(76): mysqli_query(Object(mysqli), '\r\n        SELEC...')
#1 {main}
  thrown in C:\laragon\www\online-clearance-system\get-status-updates.php on line 76
[17-Sep-2026 07:22:56 UTC] PHP Fatal error:  Uncaught mysqli_sql_exception: Unknown column 'cs1.department_name' in 'where clause' in C:\laragon\www\online-clearance-system\get-status-updates.php:76
Stack trace:
#0 C:\laragon\www\online-clearance-system\get-status-updates.php(76): mysqli_query(Object(mysqli), '\r\n        SELEC...')
#1 {main}
  thrown in C:\laragon\www\online-clearance-system\get-status-updates.php on line 76
[17-Sep-2026 07:23:05 UTC] PHP Fatal error:  Uncaught mysqli_sql_exception: Unknown column 'cs1.department_name' in 'where clause' in C:\laragon\www\online-clearance-system\get-status-updates.php:76
Stack trace:
#0 C:\laragon\www\online-clearance-system\get-status-updates.php(76): mysqli_query(Object(mysqli), '\r\n        SELEC...')
#1 {main}
  thrown in C:\laragon\www\online-clearance-system\get-status-updates.php on line 76
[17-Sep-2026 07:23:16 UTC] PHP Fatal error:  Uncaught mysqli_sql_exception: Unknown column 'cs1.department_name' in 'where clause' in C:\laragon\www\online-clearance-system\get-status-updates.php:76
Stack trace:
#0 C:\laragon\www\online-clearance-system\get-status-updates.php(76): mysqli_query(Object(mysqli), '\r\n        SELEC...')
#1 {main}
  thrown in C:\laragon\www\online-clearance-system\get-status-updates.php on line 76
[17-Sep-2026 07:23:26 UTC] PHP Fatal error:  Uncaught mysqli_sql_exception: Unknown column 'cs1.department_name' in 'where clause' in C:\laragon\www\online-clearance-system\get-status-updates.php:76
Stack trace:
#0 C:\laragon\www\online-clearance-system\get-status-updates.php(76): mysqli_query(Object(mysqli), '\r\n        SELEC...')
#1 {main}
  thrown in C:\laragon\www\online-clearance-system\get-status-updates.php on line 76
[17-Sep-2026 07:23:36 UTC] PHP Fatal error:  Uncaught mysqli_sql_exception: Unknown column 'cs1.department_name' in 'where clause' in C:\laragon\www\online-clearance-system\get-status-updates.php:76
Stack trace:
#0 C:\laragon\www\online-clearance-system\get-status-updates.php(76): mysqli_query(Object(mysqli), '\r\n        SELEC...')
#1 {main}
  thrown in C:\laragon\www\online-clearance-system\get-status-updates.php on line 76
[17-Sep-2026 07:23:46 UTC] PHP Fatal error:  Uncaught mysqli_sql_exception: Unknown column 'cs1.department_name' in 'where clause' in C:\laragon\www\online-clearance-system\get-status-updates.php:76
Stack trace:
#0 C:\laragon\www\online-clearance-system\get-status-updates.php(76): mysqli_query(Object(mysqli), '\r\n        SELEC...')
#1 {main}
  thrown in C:\laragon\www\online-clearance-system\get-status-updates.php on line 76
[17-Sep-2026 07:23:56 UTC] PHP Fatal error:  Uncaught mysqli_sql_exception: Unknown column 'cs1.department_name' in 'where clause' in C:\laragon\www\online-clearance-system\get-status-updates.php:76
Stack trace:
#0 C:\laragon\www\online-clearance-system\get-status-updates.php(76): mysqli_query(Object(mysqli), '\r\n        SELEC...')
#1 {main}
  thrown in C:\laragon\www\online-clearance-system\get-status-updates.php on line 76
[17-Sep-2026 07:24:32 UTC] PHP Fatal error:  Uncaught mysqli_sql_exception: Unknown column 'cs1.department_name' in 'where clause' in C:\laragon\www\online-clearance-system\get-status-updates.php:76
Stack trace:
#0 C:\laragon\www\online-clearance-system\get-status-updates.php(76): mysqli_query(Object(mysqli), '\r\n        SELEC...')
#1 {main}
  thrown in C:\laragon\www\online-clearance-system\get-status-updates.php on line 76
[17-Sep-2026 07:25:32 UTC] PHP Fatal error:  Uncaught mysqli_sql_exception: Unknown column 'cs1.department_name' in 'where clause' in C:\laragon\www\online-clearance-system\get-status-updates.php:76
Stack trace:
#0 C:\laragon\www\online-clearance-system\get-status-updates.php(76): mysqli_query(Object(mysqli), '\r\n        SELEC...')
#1 {main}
  thrown in C:\laragon\www\online-clearance-system\get-status-updates.php on line 76
[17-Sep-2026 07:26:32 UTC] PHP Fatal error:  Uncaught mysqli_sql_exception: Unknown column 'cs1.department_name' in 'where clause' in C:\laragon\www\online-clearance-system\get-status-updates.php:76
Stack trace:
#0 C:\laragon\www\online-clearance-system\get-status-updates.php(76): mysqli_query(Object(mysqli), '\r\n        SELEC...')
#1 {main}
  thrown in C:\laragon\www\online-clearance-system\get-status-updates.php on line 76
[17-Sep-2026 07:26:56 UTC] PHP Fatal error:  Uncaught mysqli_sql_exception: Unknown column 'cs1.department_name' in 'where clause' in C:\laragon\www\online-clearance-system\get-status-updates.php:76
Stack trace:
#0 C:\laragon\www\online-clearance-system\get-status-updates.php(76): mysqli_query(Object(mysqli), '\r\n        SELEC...')
#1 {main}
  thrown in C:\laragon\www\online-clearance-system\get-status-updates.php on line 76
[17-Sep-2026 07:27:10 UTC] PHP Fatal error:  Uncaught mysqli_sql_exception: Unknown column 'cs1.department_name' in 'where clause' in C:\laragon\www\online-clearance-system\get-status-updates.php:76
Stack trace:
#0 C:\laragon\www\online-clearance-system\get-status-updates.php(76): mysqli_query(Object(mysqli), '\r\n        SELEC...')
#1 {main}
  thrown in C:\laragon\www\online-clearance-system\get-status-updates.php on line 76
[17-Sep-2026 07:27:20 UTC] PHP Fatal error:  Uncaught mysqli_sql_exception: Unknown column 'cs1.department_name' in 'where clause' in C:\laragon\www\online-clearance-system\get-status-updates.php:76
Stack trace:
#0 C:\laragon\www\online-clearance-system\get-status-updates.php(76): mysqli_query(Object(mysqli), '\r\n        SELEC...')
#1 {main}
  thrown in C:\laragon\www\online-clearance-system\get-status-updates.php on line 76
[17-Sep-2026 07:27:30 UTC] PHP Fatal error:  Uncaught mysqli_sql_exception: Unknown column 'cs1.department_name' in 'where clause' in C:\laragon\www\online-clearance-system\get-status-updates.php:76
Stack trace:
#0 C:\laragon\www\online-clearance-system\get-status-updates.php(76): mysqli_query(Object(mysqli), '\r\n        SELEC...')
#1 {main}
  thrown in C:\laragon\www\online-clearance-system\get-status-updates.php on line 76
[17-Sep-2026 07:27:40 UTC] PHP Fatal error:  Uncaught mysqli_sql_exception: Unknown column 'cs1.department_name' in 'where clause' in C:\laragon\www\online-clearance-system\get-status-updates.php:76
Stack trace:
#0 C:\laragon\www\online-clearance-system\get-status-updates.php(76): mysqli_query(Object(mysqli), '\r\n        SELEC...')
#1 {main}
  thrown in C:\laragon\www\online-clearance-system\get-status-updates.php on line 76
[17-Sep-2026 07:27:50 UTC] PHP Fatal error:  Uncaught mysqli_sql_exception: Unknown column 'cs1.department_name' in 'where clause' in C:\laragon\www\online-clearance-system\get-status-updates.php:76
Stack trace:
#0 C:\laragon\www\online-clearance-system\get-status-updates.php(76): mysqli_query(Object(mysqli), '\r\n        SELEC...')
#1 {main}
  thrown in C:\laragon\www\online-clearance-system\get-status-updates.php on line 76
[17-Sep-2026 07:28:00 UTC] PHP Fatal error:  Uncaught mysqli_sql_exception: Unknown column 'cs1.department_name' in 'where clause' in C:\laragon\www\online-clearance-system\get-status-updates.php:76
Stack trace:
#0 C:\laragon\www\online-clearance-system\get-status-updates.php(76): mysqli_query(Object(mysqli), '\r\n        SELEC...')
#1 {main}
  thrown in C:\laragon\www\online-clearance-system\get-status-updates.php on line 76
[17-Sep-2026 07:28:10 UTC] PHP Fatal error:  Uncaught mysqli_sql_exception: Unknown column 'cs1.department_name' in 'where clause' in C:\laragon\www\online-clearance-system\get-status-updates.php:76
Stack trace:
#0 C:\laragon\www\online-clearance-system\get-status-updates.php(76): mysqli_query(Object(mysqli), '\r\n        SELEC...')
#1 {main}
  thrown in C:\laragon\www\online-clearance-system\get-status-updates.php on line 76
[17-Sep-2026 07:28:20 UTC] PHP Fatal error:  Uncaught mysqli_sql_exception: Unknown column 'cs1.department_name' in 'where clause' in C:\laragon\www\online-clearance-system\get-status-updates.php:76
Stack trace:
#0 C:\laragon\www\online-clearance-system\get-status-updates.php(76): mysqli_query(Object(mysqli), '\r\n        SELEC...')
#1 {main}
  thrown in C:\laragon\www\online-clearance-system\get-status-updates.php on line 76
[17-Sep-2026 07:28:30 UTC] PHP Fatal error:  Uncaught mysqli_sql_exception: Unknown column 'cs1.department_name' in 'where clause' in C:\laragon\www\online-clearance-system\get-status-updates.php:76
Stack trace:
#0 C:\laragon\www\online-clearance-system\get-status-updates.php(76): mysqli_query(Object(mysqli), '\r\n        SELEC...')
#1 {main}
  thrown in C:\laragon\www\online-clearance-system\get-status-updates.php on line 76
[17-Sep-2026 07:28:40 UTC] PHP Fatal error:  Uncaught mysqli_sql_exception: Unknown column 'cs1.department_name' in 'where clause' in C:\laragon\www\online-clearance-system\get-status-updates.php:76
Stack trace:
#0 C:\laragon\www\online-clearance-system\get-status-updates.php(76): mysqli_query(Object(mysqli), '\r\n        SELEC...')
#1 {main}
  thrown in C:\laragon\www\online-clearance-system\get-status-updates.php on line 76
[17-Sep-2026 07:28:50 UTC] PHP Fatal error:  Uncaught mysqli_sql_exception: Unknown column 'cs1.department_name' in 'where clause' in C:\laragon\www\online-clearance-system\get-status-updates.php:76
Stack trace:
#0 C:\laragon\www\online-clearance-system\get-status-updates.php(76): mysqli_query(Object(mysqli), '\r\n        SELEC...')
#1 {main}
  thrown in C:\laragon\www\online-clearance-system\get-status-updates.php on line 76
[17-Sep-2026 07:29:00 UTC] PHP Fatal error:  Uncaught mysqli_sql_exception: Unknown column 'cs1.department_name' in 'where clause' in C:\laragon\www\online-clearance-system\get-status-updates.php:76
Stack trace:
#0 C:\laragon\www\online-clearance-system\get-status-updates.php(76): mysqli_query(Object(mysqli), '\r\n        SELEC...')
#1 {main}
  thrown in C:\laragon\www\online-clearance-system\get-status-updates.php on line 76
[17-Sep-2026 07:29:10 UTC] PHP Fatal error:  Uncaught mysqli_sql_exception: Unknown column 'cs1.department_name' in 'where clause' in C:\laragon\www\online-clearance-system\get-status-updates.php:76
Stack trace:
#0 C:\laragon\www\online-clearance-system\get-status-updates.php(76): mysqli_query(Object(mysqli), '\r\n        SELEC...')
#1 {main}
  thrown in C:\laragon\www\online-clearance-system\get-status-updates.php on line 76
[17-Sep-2026 07:29:20 UTC] PHP Fatal error:  Uncaught mysqli_sql_exception: Unknown column 'cs1.department_name' in 'where clause' in C:\laragon\www\online-clearance-system\get-status-updates.php:76
Stack trace:
#0 C:\laragon\www\online-clearance-system\get-status-updates.php(76): mysqli_query(Object(mysqli), '\r\n        SELEC...')
#1 {main}
  thrown in C:\laragon\www\online-clearance-system\get-status-updates.php on line 76
[17-Sep-2026 07:29:32 UTC] PHP Fatal error:  Uncaught mysqli_sql_exception: Unknown column 'cs1.department_name' in 'where clause' in C:\laragon\www\online-clearance-system\get-status-updates.php:76
Stack trace:
#0 C:\laragon\www\online-clearance-system\get-status-updates.php(76): mysqli_query(Object(mysqli), '\r\n        SELEC...')
#1 {main}
  thrown in C:\laragon\www\online-clearance-system\get-status-updates.php on line 76
[17-Sep-2026 07:29:59 UTC] PHP Fatal error:  Uncaught mysqli_sql_exception: Unknown column 'cs1.department_name' in 'where clause' in C:\laragon\www\online-clearance-system\get-status-updates.php:76
Stack trace:
#0 C:\laragon\www\online-clearance-system\get-status-updates.php(76): mysqli_query(Object(mysqli), '\r\n        SELEC...')
#1 {main}
  thrown in C:\laragon\www\online-clearance-system\get-status-updates.php on line 76
[17-Sep-2026 07:30:00 UTC] PHP Fatal error:  Uncaught mysqli_sql_exception: Unknown column 'cs1.department_name' in 'where clause' in C:\laragon\www\online-clearance-system\get-status-updates.php:76
Stack trace:
#0 C:\laragon\www\online-clearance-system\get-status-updates.php(76): mysqli_query(Object(mysqli), '\r\n        SELEC...')
#1 {main}
  thrown in C:\laragon\www\online-clearance-system\get-status-updates.php on line 76
[17-Sep-2026 07:30:10 UTC] PHP Fatal error:  Uncaught mysqli_sql_exception: Unknown column 'cs1.department_name' in 'where clause' in C:\laragon\www\online-clearance-system\get-status-updates.php:76
Stack trace:
#0 C:\laragon\www\online-clearance-system\get-status-updates.php(76): mysqli_query(Object(mysqli), '\r\n        SELEC...')
#1 {main}
  thrown in C:\laragon\www\online-clearance-system\get-status-updates.php on line 76
[17-Sep-2026 07:30:20 UTC] PHP Fatal error:  Uncaught mysqli_sql_exception: Unknown column 'cs1.department_name' in 'where clause' in C:\laragon\www\online-clearance-system\get-status-updates.php:76
Stack trace:
#0 C:\laragon\www\online-clearance-system\get-status-updates.php(76): mysqli_query(Object(mysqli), '\r\n        SELEC...')
#1 {main}
  thrown in C:\laragon\www\online-clearance-system\get-status-updates.php on line 76
[17-Sep-2026 07:30:30 UTC] PHP Fatal error:  Uncaught mysqli_sql_exception: Unknown column 'cs1.department_name' in 'where clause' in C:\laragon\www\online-clearance-system\get-status-updates.php:76
Stack trace:
#0 C:\laragon\www\online-clearance-system\get-status-updates.php(76): mysqli_query(Object(mysqli), '\r\n        SELEC...')
#1 {main}
  thrown in C:\laragon\www\online-clearance-system\get-status-updates.php on line 76
[18-Sep-2026 17:13:00 UTC] PHP Fatal error:  Uncaught mysqli_sql_exception: Unknown column 'cs1.department_name' in 'where clause' in C:\laragon\www\online-clearance-system\get-status-updates.php:76
Stack trace:
#0 C:\laragon\www\online-clearance-system\get-status-updates.php(76): mysqli_query(Object(mysqli), '\r\n        SELEC...')
#1 {main}
  thrown in C:\laragon\www\online-clearance-system\get-status-updates.php on line 76
[18-Sep-2026 17:13:06 UTC] PHP Fatal error:  Uncaught mysqli_sql_exception: Unknown column 'cs1.department_name' in 'where clause' in C:\laragon\www\online-clearance-system\get-status-updates.php:76
Stack trace:
#0 C:\laragon\www\online-clearance-system\get-status-updates.php(76): mysqli_query(Object(mysqli), '\r\n        SELEC...')
#1 {main}
  thrown in C:\laragon\www\online-clearance-system\get-status-updates.php on line 76
[18-Sep-2026 17:13:16 UTC] PHP Fatal error:  Uncaught mysqli_sql_exception: Unknown column 'cs1.department_name' in 'where clause' in C:\laragon\www\online-clearance-system\get-status-updates.php:76
Stack trace:
#0 C:\laragon\www\online-clearance-system\get-status-updates.php(76): mysqli_query(Object(mysqli), '\r\n        SELEC...')
#1 {main}
  thrown in C:\laragon\www\online-clearance-system\get-status-updates.php on line 76
[18-Sep-2026 17:13:26 UTC] PHP Fatal error:  Uncaught mysqli_sql_exception: Unknown column 'cs1.department_name' in 'where clause' in C:\laragon\www\online-clearance-system\get-status-updates.php:76
Stack trace:
#0 C:\laragon\www\online-clearance-system\get-status-updates.php(76): mysqli_query(Object(mysqli), '\r\n        SELEC...')
#1 {main}
  thrown in C:\laragon\www\online-clearance-system\get-status-updates.php on line 76
[18-Sep-2026 17:13:36 UTC] PHP Fatal error:  Uncaught mysqli_sql_exception: Unknown column 'cs1.department_name' in 'where clause' in C:\laragon\www\online-clearance-system\get-status-updates.php:76
Stack trace:
#0 C:\laragon\www\online-clearance-system\get-status-updates.php(76): mysqli_query(Object(mysqli), '\r\n        SELEC...')
#1 {main}
  thrown in C:\laragon\www\online-clearance-system\get-status-updates.php on line 76
[18-Sep-2026 17:13:46 UTC] PHP Fatal error:  Uncaught mysqli_sql_exception: Unknown column 'cs1.department_name' in 'where clause' in C:\laragon\www\online-clearance-system\get-status-updates.php:76
Stack trace:
#0 C:\laragon\www\online-clearance-system\get-status-updates.php(76): mysqli_query(Object(mysqli), '\r\n        SELEC...')
#1 {main}
  thrown in C:\laragon\www\online-clearance-system\get-status-updates.php on line 76
[18-Sep-2026 17:13:56 UTC] PHP Fatal error:  Uncaught mysqli_sql_exception: Unknown column 'cs1.department_name' in 'where clause' in C:\laragon\www\online-clearance-system\get-status-updates.php:76
Stack trace:
#0 C:\laragon\www\online-clearance-system\get-status-updates.php(76): mysqli_query(Object(mysqli), '\r\n        SELEC...')
#1 {main}
  thrown in C:\laragon\www\online-clearance-system\get-status-updates.php on line 76
[18-Sep-2026 17:14:06 UTC] PHP Fatal error:  Uncaught mysqli_sql_exception: Unknown column 'cs1.department_name' in 'where clause' in C:\laragon\www\online-clearance-system\get-status-updates.php:76
Stack trace:
#0 C:\laragon\www\online-clearance-system\get-status-updates.php(76): mysqli_query(Object(mysqli), '\r\n        SELEC...')
#1 {main}
  thrown in C:\laragon\www\online-clearance-system\get-status-updates.php on line 76
[18-Sep-2026 17:14:16 UTC] PHP Fatal error:  Uncaught mysqli_sql_exception: Unknown column 'cs1.department_name' in 'where clause' in C:\laragon\www\online-clearance-system\get-status-updates.php:76
Stack trace:
#0 C:\laragon\www\online-clearance-system\get-status-updates.php(76): mysqli_query(Object(mysqli), '\r\n        SELEC...')
#1 {main}
  thrown in C:\laragon\www\online-clearance-system\get-status-updates.php on line 76
[18-Sep-2026 17:14:26 UTC] PHP Fatal error:  Uncaught mysqli_sql_exception: Unknown column 'cs1.department_name' in 'where clause' in C:\laragon\www\online-clearance-system\get-status-updates.php:76
Stack trace:
#0 C:\laragon\www\online-clearance-system\get-status-updates.php(76): mysqli_query(Object(mysqli), '\r\n        SELEC...')
#1 {main}
  thrown in C:\laragon\www\online-clearance-system\get-status-updates.php on line 76
[18-Sep-2026 17:14:36 UTC] PHP Fatal error:  Uncaught mysqli_sql_exception: Unknown column 'cs1.department_name' in 'where clause' in C:\laragon\www\online-clearance-system\get-status-updates.php:76
Stack trace:
#0 C:\laragon\www\online-clearance-system\get-status-updates.php(76): mysqli_query(Object(mysqli), '\r\n        SELEC...')
#1 {main}
  thrown in C:\laragon\www\online-clearance-system\get-status-updates.php on line 76
[18-Sep-2026 17:14:49 UTC] PHP Fatal error:  Uncaught mysqli_sql_exception: Unknown column 'cs1.department_name' in 'where clause' in C:\laragon\www\online-clearance-system\get-status-updates.php:76
Stack trace:
#0 C:\laragon\www\online-clearance-system\get-status-updates.php(76): mysqli_query(Object(mysqli), '\r\n        SELEC...')
#1 {main}
  thrown in C:\laragon\www\online-clearance-system\get-status-updates.php on line 76
[18-Sep-2026 17:14:56 UTC] PHP Fatal error:  Uncaught mysqli_sql_exception: Unknown column 'cs1.department_name' in 'where clause' in C:\laragon\www\online-clearance-system\get-status-updates.php:76
Stack trace:
#0 C:\laragon\www\online-clearance-system\get-status-updates.php(76): mysqli_query(Object(mysqli), '\r\n        SELEC...')
#1 {main}
  thrown in C:\laragon\www\online-clearance-system\get-status-updates.php on line 76
[18-Sep-2026 17:15:06 UTC] PHP Fatal error:  Uncaught mysqli_sql_exception: Unknown column 'cs1.department_name' in 'where clause' in C:\laragon\www\online-clearance-system\get-status-updates.php:76
Stack trace:
#0 C:\laragon\www\online-clearance-system\get-status-updates.php(76): mysqli_query(Object(mysqli), '\r\n        SELEC...')
#1 {main}
  thrown in C:\laragon\www\online-clearance-system\get-status-updates.php on line 76
[18-Sep-2026 17:15:17 UTC] PHP Fatal error:  Uncaught mysqli_sql_exception: Unknown column 'cs1.department_name' in 'where clause' in C:\laragon\www\online-clearance-system\get-status-updates.php:76
Stack trace:
#0 C:\laragon\www\online-clearance-system\get-status-updates.php(76): mysqli_query(Object(mysqli), '\r\n        SELEC...')
#1 {main}
  thrown in C:\laragon\www\online-clearance-system\get-status-updates.php on line 76
[18-Sep-2026 17:15:26 UTC] PHP Fatal error:  Uncaught mysqli_sql_exception: Unknown column 'cs1.department_name' in 'where clause' in C:\laragon\www\online-clearance-system\get-status-updates.php:76
Stack trace:
#0 C:\laragon\www\online-clearance-system\get-status-updates.php(76): mysqli_query(Object(mysqli), '\r\n        SELEC...')
#1 {main}
  thrown in C:\laragon\www\online-clearance-system\get-status-updates.php on line 76
[18-Sep-2026 17:15:51 UTC] PHP Fatal error:  Uncaught mysqli_sql_exception: Unknown column 'cs1.department_name' in 'where clause' in C:\laragon\www\online-clearance-system\get-status-updates.php:76
Stack trace:
#0 C:\laragon\www\online-clearance-system\get-status-updates.php(76): mysqli_query(Object(mysqli), '\r\n        SELEC...')
#1 {main}
  thrown in C:\laragon\www\online-clearance-system\get-status-updates.php on line 76
[18-Sep-2026 17:16:01 UTC] PHP Fatal error:  Uncaught mysqli_sql_exception: Unknown column 'cs1.department_name' in 'where clause' in C:\laragon\www\online-clearance-system\get-status-updates.php:76
Stack trace:
#0 C:\laragon\www\online-clearance-system\get-status-updates.php(76): mysqli_query(Object(mysqli), '\r\n        SELEC...')
#1 {main}
  thrown in C:\laragon\www\online-clearance-system\get-status-updates.php on line 76
[18-Sep-2026 17:16:11 UTC] PHP Fatal error:  Uncaught mysqli_sql_exception: Unknown column 'cs1.department_name' in 'where clause' in C:\laragon\www\online-clearance-system\get-status-updates.php:76
Stack trace:
#0 C:\laragon\www\online-clearance-system\get-status-updates.php(76): mysqli_query(Object(mysqli), '\r\n        SELEC...')
#1 {main}
  thrown in C:\laragon\www\online-clearance-system\get-status-updates.php on line 76
[18-Sep-2026 17:16:21 UTC] PHP Fatal error:  Uncaught mysqli_sql_exception: Unknown column 'cs1.department_name' in 'where clause' in C:\laragon\www\online-clearance-system\get-status-updates.php:76
Stack trace:
#0 C:\laragon\www\online-clearance-system\get-status-updates.php(76): mysqli_query(Object(mysqli), '\r\n        SELEC...')
#1 {main}
  thrown in C:\laragon\www\online-clearance-system\get-status-updates.php on line 76
[18-Sep-2026 17:16:31 UTC] PHP Fatal error:  Uncaught mysqli_sql_exception: Unknown column 'cs1.department_name' in 'where clause' in C:\laragon\www\online-clearance-system\get-status-updates.php:76
Stack trace:
#0 C:\laragon\www\online-clearance-system\get-status-updates.php(76): mysqli_query(Object(mysqli), '\r\n        SELEC...')
#1 {main}
  thrown in C:\laragon\www\online-clearance-system\get-status-updates.php on line 76
[18-Sep-2026 17:16:41 UTC] PHP Fatal error:  Uncaught mysqli_sql_exception: Unknown column 'cs1.department_name' in 'where clause' in C:\laragon\www\online-clearance-system\get-status-updates.php:76
Stack trace:
#0 C:\laragon\www\online-clearance-system\get-status-updates.php(76): mysqli_query(Object(mysqli), '\r\n        SELEC...')
#1 {main}
  thrown in C:\laragon\www\online-clearance-system\get-status-updates.php on line 76
[18-Sep-2026 17:16:51 UTC] PHP Fatal error:  Uncaught mysqli_sql_exception: Unknown column 'cs1.department_name' in 'where clause' in C:\laragon\www\online-clearance-system\get-status-updates.php:76
Stack trace:
#0 C:\laragon\www\online-clearance-system\get-status-updates.php(76): mysqli_query(Object(mysqli), '\r\n        SELEC...')
#1 {main}
  thrown in C:\laragon\www\online-clearance-system\get-status-updates.php on line 76
[18-Sep-2026 17:17:01 UTC] PHP Fatal error:  Uncaught mysqli_sql_exception: Unknown column 'cs1.department_name' in 'where clause' in C:\laragon\www\online-clearance-system\get-status-updates.php:76
Stack trace:
#0 C:\laragon\www\online-clearance-system\get-status-updates.php(76): mysqli_query(Object(mysqli), '\r\n        SELEC...')
#1 {main}
  thrown in C:\laragon\www\online-clearance-system\get-status-updates.php on line 76
[18-Sep-2026 17:17:11 UTC] PHP Fatal error:  Uncaught mysqli_sql_exception: Unknown column 'cs1.department_name' in 'where clause' in C:\laragon\www\online-clearance-system\get-status-updates.php:76
Stack trace:
#0 C:\laragon\www\online-clearance-system\get-status-updates.php(76): mysqli_query(Object(mysqli), '\r\n        SELEC...')
#1 {main}
  thrown in C:\laragon\www\online-clearance-system\get-status-updates.php on line 76
[18-Sep-2026 17:17:21 UTC] PHP Fatal error:  Uncaught mysqli_sql_exception: Unknown column 'cs1.department_name' in 'where clause' in C:\laragon\www\online-clearance-system\get-status-updates.php:76
Stack trace:
#0 C:\laragon\www\online-clearance-system\get-status-updates.php(76): mysqli_query(Object(mysqli), '\r\n        SELEC...')
#1 {main}
  thrown in C:\laragon\www\online-clearance-system\get-status-updates.php on line 76
[18-Sep-2026 17:17:31 UTC] PHP Fatal error:  Uncaught mysqli_sql_exception: Unknown column 'cs1.department_name' in 'where clause' in C:\laragon\www\online-clearance-system\get-status-updates.php:76
Stack trace:
#0 C:\laragon\www\online-clearance-system\get-status-updates.php(76): mysqli_query(Object(mysqli), '\r\n        SELEC...')
#1 {main}
  thrown in C:\laragon\www\online-clearance-system\get-status-updates.php on line 76
[18-Sep-2026 17:18:28 UTC] PHP Fatal error:  Uncaught mysqli_sql_exception: Unknown column 'cs1.department_name' in 'where clause' in C:\laragon\www\online-clearance-system\get-status-updates.php:76
Stack trace:
#0 C:\laragon\www\online-clearance-system\get-status-updates.php(76): mysqli_query(Object(mysqli), '\r\n        SELEC...')
#1 {main}
  thrown in C:\laragon\www\online-clearance-system\get-status-updates.php on line 76
[18-Sep-2026 17:19:28 UTC] PHP Fatal error:  Uncaught mysqli_sql_exception: Unknown column 'cs1.department_name' in 'where clause' in C:\laragon\www\online-clearance-system\get-status-updates.php:76
Stack trace:
#0 C:\laragon\www\online-clearance-system\get-status-updates.php(76): mysqli_query(Object(mysqli), '\r\n        SELEC...')
#1 {main}
  thrown in C:\laragon\www\online-clearance-system\get-status-updates.php on line 76
[18-Sep-2026 17:20:27 UTC] PHP Fatal error:  Uncaught mysqli_sql_exception: Unknown column 'cs1.department_name' in 'where clause' in C:\laragon\www\online-clearance-system\get-status-updates.php:76
Stack trace:
#0 C:\laragon\www\online-clearance-system\get-status-updates.php(76): mysqli_query(Object(mysqli), '\r\n        SELEC...')
#1 {main}
  thrown in C:\laragon\www\online-clearance-system\get-status-updates.php on line 76
[18-Sep-2026 17:20:31 UTC] PHP Fatal error:  Uncaught mysqli_sql_exception: Unknown column 'cs1.department_name' in 'where clause' in C:\laragon\www\online-clearance-system\get-status-updates.php:76
Stack trace:
#0 C:\laragon\www\online-clearance-system\get-status-updates.php(76): mysqli_query(Object(mysqli), '\r\n        SELEC...')
#1 {main}
  thrown in C:\laragon\www\online-clearance-system\get-status-updates.php on line 76
[18-Sep-2026 17:20:41 UTC] PHP Fatal error:  Uncaught mysqli_sql_exception: Unknown column 'cs1.department_name' in 'where clause' in C:\laragon\www\online-clearance-system\get-status-updates.php:76
Stack trace:
#0 C:\laragon\www\online-clearance-system\get-status-updates.php(76): mysqli_query(Object(mysqli), '\r\n        SELEC...')
#1 {main}
  thrown in C:\laragon\www\online-clearance-system\get-status-updates.php on line 76
[18-Sep-2026 17:20:51 UTC] PHP Fatal error:  Uncaught mysqli_sql_exception: Unknown column 'cs1.department_name' in 'where clause' in C:\laragon\www\online-clearance-system\get-status-updates.php:76
Stack trace:
#0 C:\laragon\www\online-clearance-system\get-status-updates.php(76): mysqli_query(Object(mysqli), '\r\n        SELEC...')
#1 {main}
  thrown in C:\laragon\www\online-clearance-system\get-status-updates.php on line 76
[18-Sep-2026 17:21:01 UTC] PHP Fatal error:  Uncaught mysqli_sql_exception: Unknown column 'cs1.department_name' in 'where clause' in C:\laragon\www\online-clearance-system\get-status-updates.php:76
Stack trace:
#0 C:\laragon\www\online-clearance-system\get-status-updates.php(76): mysqli_query(Object(mysqli), '\r\n        SELEC...')
#1 {main}
  thrown in C:\laragon\www\online-clearance-system\get-status-updates.php on line 76
[18-Sep-2026 17:21:11 UTC] PHP Fatal error:  Uncaught mysqli_sql_exception: Unknown column 'cs1.department_name' in 'where clause' in C:\laragon\www\online-clearance-system\get-status-updates.php:76
Stack trace:
#0 C:\laragon\www\online-clearance-system\get-status-updates.php(76): mysqli_query(Object(mysqli), '\r\n        SELEC...')
#1 {main}
  thrown in C:\laragon\www\online-clearance-system\get-status-updates.php on line 76
[18-Sep-2026 17:21:21 UTC] PHP Fatal error:  Uncaught mysqli_sql_exception: Unknown column 'cs1.department_name' in 'where clause' in C:\laragon\www\online-clearance-system\get-status-updates.php:76
Stack trace:
#0 C:\laragon\www\online-clearance-system\get-status-updates.php(76): mysqli_query(Object(mysqli), '\r\n        SELEC...')
#1 {main}
  thrown in C:\laragon\www\online-clearance-system\get-status-updates.php on line 76
[18-Sep-2026 17:21:31 UTC] PHP Fatal error:  Uncaught mysqli_sql_exception: Unknown column 'cs1.department_name' in 'where clause' in C:\laragon\www\online-clearance-system\get-status-updates.php:76
Stack trace:
#0 C:\laragon\www\online-clearance-system\get-status-updates.php(76): mysqli_query(Object(mysqli), '\r\n        SELEC...')
#1 {main}
  thrown in C:\laragon\www\online-clearance-system\get-status-updates.php on line 76
[18-Sep-2026 17:22:28 UTC] PHP Fatal error:  Uncaught mysqli_sql_exception: Unknown column 'cs1.department_name' in 'where clause' in C:\laragon\www\online-clearance-system\get-status-updates.php:76
Stack trace:
#0 C:\laragon\www\online-clearance-system\get-status-updates.php(76): mysqli_query(Object(mysqli), '\r\n        SELEC...')
#1 {main}
  thrown in C:\laragon\www\online-clearance-system\get-status-updates.php on line 76
[18-Sep-2026 17:23:28 UTC] PHP Fatal error:  Uncaught mysqli_sql_exception: Unknown column 'cs1.department_name' in 'where clause' in C:\laragon\www\online-clearance-system\get-status-updates.php:76
Stack trace:
#0 C:\laragon\www\online-clearance-system\get-status-updates.php(76): mysqli_query(Object(mysqli), '\r\n        SELEC...')
#1 {main}
  thrown in C:\laragon\www\online-clearance-system\get-status-updates.php on line 76
[18-Sep-2026 17:24:28 UTC] PHP Fatal error:  Uncaught mysqli_sql_exception: Unknown column 'cs1.department_name' in 'where clause' in C:\laragon\www\online-clearance-system\get-status-updates.php:76
Stack trace:
#0 C:\laragon\www\online-clearance-system\get-status-updates.php(76): mysqli_query(Object(mysqli), '\r\n        SELEC...')
#1 {main}
  thrown in C:\laragon\www\online-clearance-system\get-status-updates.php on line 76
[18-Sep-2026 17:25:28 UTC] PHP Fatal error:  Uncaught mysqli_sql_exception: Unknown column 'cs1.department_name' in 'where clause' in C:\laragon\www\online-clearance-system\get-status-updates.php:76
Stack trace:
#0 C:\laragon\www\online-clearance-system\get-status-updates.php(76): mysqli_query(Object(mysqli), '\r\n        SELEC...')
#1 {main}
  thrown in C:\laragon\www\online-clearance-system\get-status-updates.php on line 76
[18-Sep-2026 17:26:28 UTC] PHP Fatal error:  Uncaught mysqli_sql_exception: Unknown column 'cs1.department_name' in 'where clause' in C:\laragon\www\online-clearance-system\get-status-updates.php:76
Stack trace:
#0 C:\laragon\www\online-clearance-system\get-status-updates.php(76): mysqli_query(Object(mysqli), '\r\n        SELEC...')
#1 {main}
  thrown in C:\laragon\www\online-clearance-system\get-status-updates.php on line 76
[18-Sep-2026 17:27:28 UTC] PHP Fatal error:  Uncaught mysqli_sql_exception: Unknown column 'cs1.department_name' in 'where clause' in C:\laragon\www\online-clearance-system\get-status-updates.php:76
Stack trace:
#0 C:\laragon\www\online-clearance-system\get-status-updates.php(76): mysqli_query(Object(mysqli), '\r\n        SELEC...')
#1 {main}
  thrown in C:\laragon\www\online-clearance-system\get-status-updates.php on line 76
[18-Sep-2026 17:28:28 UTC] PHP Fatal error:  Uncaught mysqli_sql_exception: Unknown column 'cs1.department_name' in 'where clause' in C:\laragon\www\online-clearance-system\get-status-updates.php:76
Stack trace:
#0 C:\laragon\www\online-clearance-system\get-status-updates.php(76): mysqli_query(Object(mysqli), '\r\n        SELEC...')
#1 {main}
  thrown in C:\laragon\www\online-clearance-system\get-status-updates.php on line 76
[18-Sep-2026 17:29:28 UTC] PHP Fatal error:  Uncaught mysqli_sql_exception: Unknown column 'cs1.department_name' in 'where clause' in C:\laragon\www\online-clearance-system\get-status-updates.php:76
Stack trace:
#0 C:\laragon\www\online-clearance-system\get-status-updates.php(76): mysqli_query(Object(mysqli), '\r\n        SELEC...')
#1 {main}
  thrown in C:\laragon\www\online-clearance-system\get-status-updates.php on line 76
[18-Sep-2026 17:30:28 UTC] PHP Fatal error:  Uncaught mysqli_sql_exception: Unknown column 'cs1.department_name' in 'where clause' in C:\laragon\www\online-clearance-system\get-status-updates.php:76
Stack trace:
#0 C:\laragon\www\online-clearance-system\get-status-updates.php(76): mysqli_query(Object(mysqli), '\r\n        SELEC...')
#1 {main}
  thrown in C:\laragon\www\online-clearance-system\get-status-updates.php on line 76
[18-Sep-2026 17:31:28 UTC] PHP Fatal error:  Uncaught mysqli_sql_exception: Unknown column 'cs1.department_name' in 'where clause' in C:\laragon\www\online-clearance-system\get-status-updates.php:76
Stack trace:
#0 C:\laragon\www\online-clearance-system\get-status-updates.php(76): mysqli_query(Object(mysqli), '\r\n        SELEC...')
#1 {main}
  thrown in C:\laragon\www\online-clearance-system\get-status-updates.php on line 76
[18-Sep-2026 17:32:28 UTC] PHP Fatal error:  Uncaught mysqli_sql_exception: Unknown column 'cs1.department_name' in 'where clause' in C:\laragon\www\online-clearance-system\get-status-updates.php:76
Stack trace:
#0 C:\laragon\www\online-clearance-system\get-status-updates.php(76): mysqli_query(Object(mysqli), '\r\n        SELEC...')
#1 {main}
  thrown in C:\laragon\www\online-clearance-system\get-status-updates.php on line 76
[18-Sep-2026 18:34:43 UTC] Mail Error: SMTP Error: Could not connect to SMTP host. Failed to connect to server SMTP server error: Failed to connect to server SMTP code: 10060 Additional SMTP info: A connection attempt failed because the connected party did not properly respond after a period of time, or established connection failed because connected host has failed to respond
[18-Sep-2026 18:34:43 UTC] Password reset email sent to abdulrazakabdullaziz9@gmail.com: Failed
[18-Sep-2026 18:35:18 UTC] Mail Error: SMTP Error: Could not connect to SMTP host. Failed to connect to server SMTP server error: Failed to connect to server SMTP code: 10060 Additional SMTP info: A connection attempt failed because the connected party did not properly respond after a period of time, or established connection failed because connected host has failed to respond
[18-Sep-2026 18:35:18 UTC] Password reset email sent to abdulrazakabdullaziz9@gmail.com: Failed
[18-Sep-2026 18:35:51 UTC] Mail Error: SMTP Error: Could not connect to SMTP host. Failed to connect to server SMTP server error: Failed to connect to server SMTP code: 10060 Additional SMTP info: A connection attempt failed because the connected party did not properly respond after a period of time, or established connection failed because connected host has failed to respond
[18-Sep-2026 18:35:51 UTC] Password reset email sent to abdulrazakabdullaziz9@gmail.com: Failed
[18-Sep-2026 18:38:01 UTC] Mail Error: SMTP Error: Could not connect to SMTP host. Failed to connect to server SMTP server error: Failed to connect to server SMTP code: 10060 Additional SMTP info: A connection attempt failed because the connected party did not properly respond after a period of time, or established connection failed because connected host has failed to respond
[18-Sep-2026 18:38:01 UTC] Password reset email sent to abdulrazakabdullaziz9@gmail.com: Failed
[18-Sep-2026 18:50:55 UTC] Mail Error: SMTP Error: Could not connect to SMTP host. Failed to connect to server SMTP server error: Failed to connect to server SMTP code: 10060 Additional SMTP info: A connection attempt failed because the connected party did not properly respond after a period of time, or established connection failed because connected host has failed to respond
[18-Sep-2026 18:50:55 UTC] Password reset email sent to abdulrazakabdullaziz9@gmail.com: Failed
[18-Sep-2026 18:58:52 UTC] Mail Error: SMTP Error: Could not connect to SMTP host. Failed to connect to server SMTP server error: Failed to connect to server SMTP code: 10060 Additional SMTP info: A connection attempt failed because the connected party did not properly respond after a period of time, or established connection failed because connected host has failed to respond
[18-Sep-2026 18:59:00 UTC] Mail Error: SMTP Error: Could not connect to SMTP host. Failed to connect to server SMTP server error: Failed to connect to server SMTP code: 10060 Additional SMTP info: A connection attempt failed because the connected party did not properly respond after a period of time, or established connection failed because connected host has failed to respond
[18-Sep-2026 18:59:00 UTC] Password reset email sent to abdulrazakabdullaziz9@gmail.com: Failed
[18-Sep-2026 18:59:26 UTC] PHP Fatal error:  Uncaught mysqli_sql_exception: Unknown column 'cs1.department_name' in 'where clause' in C:\laragon\www\online-clearance-system\get-status-updates.php:76
Stack trace:
#0 C:\laragon\www\online-clearance-system\get-status-updates.php(76): mysqli_query(Object(mysqli), '\r\n        SELEC...')
#1 {main}
  thrown in C:\laragon\www\online-clearance-system\get-status-updates.php on line 76
[18-Sep-2026 18:59:36 UTC] PHP Fatal error:  Uncaught mysqli_sql_exception: Unknown column 'cs1.department_name' in 'where clause' in C:\laragon\www\online-clearance-system\get-status-updates.php:76
Stack trace:
#0 C:\laragon\www\online-clearance-system\get-status-updates.php(76): mysqli_query(Object(mysqli), '\r\n        SELEC...')
#1 {main}
  thrown in C:\laragon\www\online-clearance-system\get-status-updates.php on line 76
[18-Sep-2026 18:59:46 UTC] PHP Fatal error:  Uncaught mysqli_sql_exception: Unknown column 'cs1.department_name' in 'where clause' in C:\laragon\www\online-clearance-system\get-status-updates.php:76
Stack trace:
#0 C:\laragon\www\online-clearance-system\get-status-updates.php(76): mysqli_query(Object(mysqli), '\r\n        SELEC...')
#1 {main}
  thrown in C:\laragon\www\online-clearance-system\get-status-updates.php on line 76
[18-Sep-2026 18:59:56 UTC] PHP Fatal error:  Uncaught mysqli_sql_exception: Unknown column 'cs1.department_name' in 'where clause' in C:\laragon\www\online-clearance-system\get-status-updates.php:76
Stack trace:
#0 C:\laragon\www\online-clearance-system\get-status-updates.php(76): mysqli_query(Object(mysqli), '\r\n        SELEC...')
#1 {main}
  thrown in C:\laragon\www\online-clearance-system\get-status-updates.php on line 76
[18-Sep-2026 19:00:06 UTC] PHP Fatal error:  Uncaught mysqli_sql_exception: Unknown column 'cs1.department_name' in 'where clause' in C:\laragon\www\online-clearance-system\get-status-updates.php:76
Stack trace:
#0 C:\laragon\www\online-clearance-system\get-status-updates.php(76): mysqli_query(Object(mysqli), '\r\n        SELEC...')
#1 {main}
  thrown in C:\laragon\www\online-clearance-system\get-status-updates.php on line 76
[18-Sep-2026 19:00:16 UTC] PHP Fatal error:  Uncaught mysqli_sql_exception: Unknown column 'cs1.department_name' in 'where clause' in C:\laragon\www\online-clearance-system\get-status-updates.php:76
Stack trace:
#0 C:\laragon\www\online-clearance-system\get-status-updates.php(76): mysqli_query(Object(mysqli), '\r\n        SELEC...')
#1 {main}
  thrown in C:\laragon\www\online-clearance-system\get-status-updates.php on line 76
[18-Sep-2026 19:00:26 UTC] PHP Fatal error:  Uncaught mysqli_sql_exception: Unknown column 'cs1.department_name' in 'where clause' in C:\laragon\www\online-clearance-system\get-status-updates.php:76
Stack trace:
#0 C:\laragon\www\online-clearance-system\get-status-updates.php(76): mysqli_query(Object(mysqli), '\r\n        SELEC...')
#1 {main}
  thrown in C:\laragon\www\online-clearance-system\get-status-updates.php on line 76
[18-Sep-2026 19:00:36 UTC] PHP Fatal error:  Uncaught mysqli_sql_exception: Unknown column 'cs1.department_name' in 'where clause' in C:\laragon\www\online-clearance-system\get-status-updates.php:76
Stack trace:
#0 C:\laragon\www\online-clearance-system\get-status-updates.php(76): mysqli_query(Object(mysqli), '\r\n        SELEC...')
#1 {main}
  thrown in C:\laragon\www\online-clearance-system\get-status-updates.php on line 76
[18-Sep-2026 19:00:46 UTC] PHP Fatal error:  Uncaught mysqli_sql_exception: Unknown column 'cs1.department_name' in 'where clause' in C:\laragon\www\online-clearance-system\get-status-updates.php:76
Stack trace:
#0 C:\laragon\www\online-clearance-system\get-status-updates.php(76): mysqli_query(Object(mysqli), '\r\n        SELEC...')
#1 {main}
  thrown in C:\laragon\www\online-clearance-system\get-status-updates.php on line 76
[18-Sep-2026 19:00:56 UTC] PHP Fatal error:  Uncaught mysqli_sql_exception: Unknown column 'cs1.department_name' in 'where clause' in C:\laragon\www\online-clearance-system\get-status-updates.php:76
Stack trace:
#0 C:\laragon\www\online-clearance-system\get-status-updates.php(76): mysqli_query(Object(mysqli), '\r\n        SELEC...')
#1 {main}
  thrown in C:\laragon\www\online-clearance-system\get-status-updates.php on line 76
[18-Sep-2026 19:01:06 UTC] PHP Fatal error:  Uncaught mysqli_sql_exception: Unknown column 'cs1.department_name' in 'where clause' in C:\laragon\www\online-clearance-system\get-status-updates.php:76
Stack trace:
#0 C:\laragon\www\online-clearance-system\get-status-updates.php(76): mysqli_query(Object(mysqli), '\r\n        SELEC...')
#1 {main}
  thrown in C:\laragon\www\online-clearance-system\get-status-updates.php on line 76
[18-Sep-2026 19:01:16 UTC] PHP Fatal error:  Uncaught mysqli_sql_exception: Unknown column 'cs1.department_name' in 'where clause' in C:\laragon\www\online-clearance-system\get-status-updates.php:76
Stack trace:
#0 C:\laragon\www\online-clearance-system\get-status-updates.php(76): mysqli_query(Object(mysqli), '\r\n        SELEC...')
#1 {main}
  thrown in C:\laragon\www\online-clearance-system\get-status-updates.php on line 76
[18-Sep-2026 19:01:26 UTC] PHP Fatal error:  Uncaught mysqli_sql_exception: Unknown column 'cs1.department_name' in 'where clause' in C:\laragon\www\online-clearance-system\get-status-updates.php:76
Stack trace:
#0 C:\laragon\www\online-clearance-system\get-status-updates.php(76): mysqli_query(Object(mysqli), '\r\n        SELEC...')
#1 {main}
  thrown in C:\laragon\www\online-clearance-system\get-status-updates.php on line 76
[18-Sep-2026 19:01:36 UTC] PHP Fatal error:  Uncaught mysqli_sql_exception: Unknown column 'cs1.department_name' in 'where clause' in C:\laragon\www\online-clearance-system\get-status-updates.php:76
Stack trace:
#0 C:\laragon\www\online-clearance-system\get-status-updates.php(76): mysqli_query(Object(mysqli), '\r\n        SELEC...')
#1 {main}
  thrown in C:\laragon\www\online-clearance-system\get-status-updates.php on line 76
[18-Sep-2026 19:02:28 UTC] PHP Fatal error:  Uncaught mysqli_sql_exception: Unknown column 'cs1.department_name' in 'where clause' in C:\laragon\www\online-clearance-system\get-status-updates.php:76
Stack trace:
#0 C:\laragon\www\online-clearance-system\get-status-updates.php(76): mysqli_query(Object(mysqli), '\r\n        SELEC...')
#1 {main}
  thrown in C:\laragon\www\online-clearance-system\get-status-updates.php on line 76
[18-Sep-2026 19:03:00 UTC] Mail Error: SMTP Error: Could not connect to SMTP host. Failed to connect to server SMTP server error: Failed to connect to server SMTP code: 10060 Additional SMTP info: A connection attempt failed because the connected party did not properly respond after a period of time, or established connection failed because connected host has failed to respond
[18-Sep-2026 19:03:00 UTC] Password reset email sent to abdulrazakabdullaziz9@gmail.com: Failed
[18-Sep-2026 19:03:28 UTC] PHP Fatal error:  Uncaught mysqli_sql_exception: Unknown column 'cs1.department_name' in 'where clause' in C:\laragon\www\online-clearance-system\get-status-updates.php:76
Stack trace:
#0 C:\laragon\www\online-clearance-system\get-status-updates.php(76): mysqli_query(Object(mysqli), '\r\n        SELEC...')
#1 {main}
  thrown in C:\laragon\www\online-clearance-system\get-status-updates.php on line 76
[18-Sep-2026 19:03:29 UTC] Mail Error: SMTP Error: Could not connect to SMTP host. Failed to connect to server SMTP server error: Failed to connect to server SMTP code: 10060 Additional SMTP info: A connection attempt failed because the connected party did not properly respond after a period of time, or established connection failed because connected host has failed to respond
[18-Sep-2026 19:03:29 UTC] Password reset email sent to abdulrazakabdullaziz9@gmail.com: Failed
[18-Sep-2026 19:04:28 UTC] PHP Fatal error:  Uncaught mysqli_sql_exception: Unknown column 'cs1.department_name' in 'where clause' in C:\laragon\www\online-clearance-system\get-status-updates.php:76
Stack trace:
#0 C:\laragon\www\online-clearance-system\get-status-updates.php(76): mysqli_query(Object(mysqli), '\r\n        SELEC...')
#1 {main}
  thrown in C:\laragon\www\online-clearance-system\get-status-updates.php on line 76
[18-Sep-2026 19:05:28 UTC] PHP Fatal error:  Uncaught mysqli_sql_exception: Unknown column 'cs1.department_name' in 'where clause' in C:\laragon\www\online-clearance-system\get-status-updates.php:76
Stack trace:
#0 C:\laragon\www\online-clearance-system\get-status-updates.php(76): mysqli_query(Object(mysqli), '\r\n        SELEC...')
#1 {main}
  thrown in C:\laragon\www\online-clearance-system\get-status-updates.php on line 76
[18-Sep-2026 19:06:28 UTC] PHP Fatal error:  Uncaught mysqli_sql_exception: Unknown column 'cs1.department_name' in 'where clause' in C:\laragon\www\online-clearance-system\get-status-updates.php:76
Stack trace:
#0 C:\laragon\www\online-clearance-system\get-status-updates.php(76): mysqli_query(Object(mysqli), '\r\n        SELEC...')
#1 {main}
  thrown in C:\laragon\www\online-clearance-system\get-status-updates.php on line 76
[18-Sep-2026 19:07:28 UTC] PHP Fatal error:  Uncaught mysqli_sql_exception: Unknown column 'cs1.department_name' in 'where clause' in C:\laragon\www\online-clearance-system\get-status-updates.php:76
Stack trace:
#0 C:\laragon\www\online-clearance-system\get-status-updates.php(76): mysqli_query(Object(mysqli), '\r\n        SELEC...')
#1 {main}
  thrown in C:\laragon\www\online-clearance-system\get-status-updates.php on line 76
[18-Sep-2026 19:46:25 UTC] PHP Fatal error:  Uncaught mysqli_sql_exception: Unknown column 'cs1.department_name' in 'where clause' in C:\laragon\www\online-clearance-system\get-status-updates.php:76
Stack trace:
#0 C:\laragon\www\online-clearance-system\get-status-updates.php(76): mysqli_query(Object(mysqli), '\r\n        SELEC...')
#1 {main}
  thrown in C:\laragon\www\online-clearance-system\get-status-updates.php on line 76
[18-Sep-2026 20:00:03 UTC] Password reset email sent to abdulrazakabdullaziz9@gmail.com: Success
[18-Sep-2026 20:10:29 UTC] Password reset email sent to abdulrazakabdullaziz9@gmail.com: Success
[07-Oct-2026 20:25:09 UTC] Password reset email sent to abdulrazakabdullaziz9@gmail.com: Success
